A	ic	l1	l2	l3	sum	xmin	xmax	freq_per_tau
0.40000	0	nan	nan	nan	nan	1000000000.0000	-1000000000.0000	0.00000
0.40000	1	nan	nan	nan	nan	1000000000.0000	-1000000000.0000	0.00000
0.40000	2	nan	nan	nan	nan	1000000000.0000	-1000000000.0000	0.00000
0.40000	3	nan	nan	nan	nan	1000000000.0000	-1000000000.0000	0.00000
0.40100	0	nan	nan	nan	nan	1000000000.0000	-1000000000.0000	0.00000
0.40100	1	nan	nan	nan	nan	1000000000.0000	-1000000000.0000	0.00000
0.40100	2	nan	nan	nan	nan	1000000000.0000	-1000000000.0000	0.00000
0.40100	3	nan	nan	nan	nan	1000000000.0000	-1000000000.0000	0.00000
0.40200	0	nan	nan	nan	nan	1000000000.0000	-1000000000.0000	0.00000
0.40200	1	nan	nan	nan	nan	1000000000.0000	-1000000000.0000	0.00000
0.40200	2	nan	nan	nan	nan	1000000000.0000	-1000000000.0000	0.00000
0.40200	3	nan	nan	nan	nan	1000000000.0000	-1000000000.0000	0.00000
0.40300	0	nan	nan	nan	nan	1000000000.0000	-1000000000.0000	0.00000
0.40300	1	nan	nan	nan	nan	1000000000.0000	-1000000000.0000	0.00000
0.40300	2	nan	nan	nan	nan	1000000000.0000	-1000000000.0000	0.00000
0.40300	3	nan	nan	nan	nan	1000000000.0000	-1000000000.0000	0.00000
0.40400	0	nan	nan	nan	nan	1000000000.0000	-1000000000.0000	0.00000
0.40400	1	nan	nan	nan	nan	1000000000.0000	-1000000000.0000	0.00000
0.40400	2	nan	nan	nan	nan	1000000000.0000	-1000000000.0000	0.00000
0.40400	3	nan	nan	nan	nan	1000000000.0000	-1000000000.0000	0.00000
0.40500	0	nan	nan	nan	nan	1000000000.0000	-1000000000.0000	0.00000
0.40500	1	nan	nan	nan	nan	1000000000.0000	-1000000000.0000	0.00000
0.40500	2	nan	nan	nan	nan	1000000000.0000	-1000000000.0000	0.00000
0.40500	3	nan	nan	nan	nan	1000000000.0000	-1000000000.0000	0.00000
0.40600	0	nan	nan	nan	nan	1000000000.0000	-1000000000.0000	0.00000
0.40600	1	nan	nan	nan	nan	1000000000.0000	-1000000000.0000	0.00000
0.40600	2	nan	nan	nan	nan	1000000000.0000	-1000000000.0000	0.00000
0.40600	3	nan	nan	nan	nan	1000000000.0000	-1000000000.0000	0.00000
0.40700	0	nan	nan	nan	nan	1000000000.0000	-1000000000.0000	0.00000
0.40700	1	nan	nan	nan	nan	1000000000.0000	-1000000000.0000	0.00000
0.40700	2	nan	nan	nan	nan	1000000000.0000	-1000000000.0000	0.00000
0.40700	3	nan	nan	nan	nan	1000000000.0000	-1000000000.0000	0.00000
0.40800	0	nan	nan	nan	nan	1000000000.0000	-1000000000.0000	0.00000
0.40800	1	nan	nan	nan	nan	1000000000.0000	-1000000000.0000	0.00000
0.40800	2	nan	nan	nan	nan	1000000000.0000	-1000000000.0000	0.00000
0.40800	3	nan	nan	nan	nan	1000000000.0000	-1000000000.0000	0.00000
0.40900	0	nan	nan	nan	nan	1000000000.0000	-1000000000.0000	0.00000
0.40900	1	nan	nan	nan	nan	1000000000.0000	-1000000000.0000	0.00000
0.40900	2	nan	nan	nan	nan	1000000000.0000	-1000000000.0000	0.00000
0.40900	3	nan	nan	nan	nan	1000000000.0000	-1000000000.0000	0.00000
0.41000	0	nan	nan	nan	nan	1000000000.0000	-1000000000.0000	0.00000
0.41000	1	nan	nan	nan	nan	1000000000.0000	-1000000000.0000	0.00000
0.41000	2	nan	nan	nan	nan	1000000000.0000	-1000000000.0000	0.00000
0.41000	3	nan	nan	nan	nan	1000000000.0000	-1000000000.0000	0.00000
0.41100	0	nan	nan	nan	nan	1000000000.0000	-1000000000.0000	0.00000
0.41100	1	nan	nan	nan	nan	1000000000.0000	-1000000000.0000	0.00000
0.41100	2	nan	nan	nan	nan	1000000000.0000	-1000000000.0000	0.00000
0.41100	3	nan	nan	nan	nan	1000000000.0000	-1000000000.0000	0.00000
0.41200	0	nan	nan	nan	nan	1000000000.0000	-1000000000.0000	0.00000
0.41200	1	nan	nan	nan	nan	1000000000.0000	-1000000000.0000	0.00000
0.41200	2	nan	nan	nan	nan	1000000000.0000	-1000000000.0000	0.00000
0.41200	3	nan	nan	nan	nan	1000000000.0000	-1000000000.0000	0.00000
0.41300	0	nan	nan	nan	nan	1000000000.0000	-1000000000.0000	0.00000
0.41300	1	nan	nan	nan	nan	1000000000.0000	-1000000000.0000	0.00000
0.41300	2	nan	nan	nan	nan	1000000000.0000	-1000000000.0000	0.00000
0.41300	3	nan	nan	nan	nan	1000000000.0000	-1000000000.0000	0.00000
0.41400	0	nan	nan	nan	nan	1000000000.0000	-1000000000.0000	0.00000
0.41400	1	nan	nan	nan	nan	1000000000.0000	-1000000000.0000	0.00000
0.41400	2	nan	nan	nan	nan	1000000000.0000	-1000000000.0000	0.00000
0.41400	3	nan	nan	nan	nan	1000000000.0000	-1000000000.0000	0.00000
0.41500	0	nan	nan	nan	nan	1000000000.0000	-1000000000.0000	0.00000
0.41500	1	nan	nan	nan	nan	1000000000.0000	-1000000000.0000	0.00000
0.41500	2	nan	nan	nan	nan	1000000000.0000	-1000000000.0000	0.00000
0.41500	3	nan	nan	nan	nan	1000000000.0000	-1000000000.0000	0.00000
0.41600	0	nan	nan	nan	nan	1000000000.0000	-1000000000.0000	0.00000
0.41600	1	nan	nan	nan	nan	1000000000.0000	-1000000000.0000	0.00000
0.41600	2	nan	nan	nan	nan	1000000000.0000	-1000000000.0000	0.00000
0.41600	3	nan	nan	nan	nan	1000000000.0000	-1000000000.0000	0.00000
0.41700	0	nan	nan	nan	nan	1000000000.0000	-1000000000.0000	0.00000
0.41700	1	nan	nan	nan	nan	1000000000.0000	-1000000000.0000	0.00000
0.41700	2	nan	nan	nan	nan	1000000000.0000	-1000000000.0000	0.00000
0.41700	3	nan	nan	nan	nan	1000000000.0000	-1000000000.0000	0.00000
0.41800	0	nan	nan	nan	nan	1000000000.0000	-1000000000.0000	0.00000
0.41800	1	nan	nan	nan	nan	1000000000.0000	-1000000000.0000	0.00000
0.41800	2	nan	nan	nan	nan	1000000000.0000	-1000000000.0000	0.00000
0.41800	3	nan	nan	nan	nan	1000000000.0000	-1000000000.0000	0.00000
0.41900	0	nan	nan	nan	nan	1000000000.0000	-1000000000.0000	0.00000
0.41900	1	nan	nan	nan	nan	1000000000.0000	-1000000000.0000	0.00000
0.41900	2	nan	nan	nan	nan	1000000000.0000	-1000000000.0000	0.00000
0.41900	3	nan	nan	nan	nan	1000000000.0000	-1000000000.0000	0.00000
0.42000	0	nan	nan	nan	nan	1000000000.0000	-1000000000.0000	0.00000
0.42000	1	nan	nan	nan	nan	1000000000.0000	-1000000000.0000	0.00000
0.42000	2	nan	nan	nan	nan	1000000000.0000	-1000000000.0000	0.00000
0.42000	3	nan	nan	nan	nan	1000000000.0000	-1000000000.0000	0.00000
0.42100	0	nan	nan	nan	nan	1000000000.0000	-1000000000.0000	0.00000
0.42100	1	nan	nan	nan	nan	1000000000.0000	-1000000000.0000	0.00000
0.42100	2	nan	nan	nan	nan	1000000000.0000	-1000000000.0000	0.00000
0.42100	3	nan	nan	nan	nan	1000000000.0000	-1000000000.0000	0.00000
0.42200	0	nan	nan	nan	nan	1000000000.0000	-1000000000.0000	0.00000
0.42200	1	nan	nan	nan	nan	1000000000.0000	-1000000000.0000	0.00000
0.42200	2	nan	nan	nan	nan	1000000000.0000	-1000000000.0000	0.00000
0.42200	3	nan	nan	nan	nan	1000000000.0000	-1000000000.0000	0.00000
0.42300	0	nan	nan	nan	nan	1000000000.0000	-1000000000.0000	0.00000
0.42300	1	nan	nan	nan	nan	1000000000.0000	-1000000000.0000	0.00000
0.42300	2	nan	nan	nan	nan	1000000000.0000	-1000000000.0000	0.00000
0.42300	3	nan	nan	nan	nan	1000000000.0000	-1000000000.0000	0.00000
0.42400	0	nan	nan	nan	nan	1000000000.0000	-1000000000.0000	0.00000
0.42400	1	nan	nan	nan	nan	1000000000.0000	-1000000000.0000	0.00000
0.42400	2	nan	nan	nan	nan	1000000000.0000	-1000000000.0000	0.00000
0.42400	3	nan	nan	nan	nan	1000000000.0000	-1000000000.0000	0.00000
0.42500	0	nan	nan	nan	nan	1000000000.0000	-1000000000.0000	0.00000
0.42500	1	nan	nan	nan	nan	1000000000.0000	-1000000000.0000	0.00000
0.42500	2	nan	nan	nan	nan	1000000000.0000	-1000000000.0000	0.00000
0.42500	3	nan	nan	nan	nan	1000000000.0000	-1000000000.0000	0.00000
0.42600	0	nan	nan	nan	nan	1000000000.0000	-1000000000.0000	0.00000
0.42600	1	nan	nan	nan	nan	1000000000.0000	-1000000000.0000	0.00000
0.42600	2	nan	nan	nan	nan	1000000000.0000	-1000000000.0000	0.00000
0.42600	3	nan	nan	nan	nan	1000000000.0000	-1000000000.0000	0.00000
0.42700	0	nan	nan	nan	nan	1000000000.0000	-1000000000.0000	0.00000
0.42700	1	nan	nan	nan	nan	1000000000.0000	-1000000000.0000	0.00000
0.42700	2	nan	nan	nan	nan	1000000000.0000	-1000000000.0000	0.00000
0.42700	3	nan	nan	nan	nan	1000000000.0000	-1000000000.0000	0.00000
0.42800	0	nan	nan	nan	nan	1000000000.0000	-1000000000.0000	0.00000
0.42800	1	nan	nan	nan	nan	1000000000.0000	-1000000000.0000	0.00000
0.42800	2	nan	nan	nan	nan	1000000000.0000	-1000000000.0000	0.00000
0.42800	3	nan	nan	nan	nan	1000000000.0000	-1000000000.0000	0.00000
0.42900	0	nan	nan	nan	nan	1000000000.0000	-1000000000.0000	0.00000
0.42900	1	nan	nan	nan	nan	1000000000.0000	-1000000000.0000	0.00000
0.42900	2	nan	nan	nan	nan	1000000000.0000	-1000000000.0000	0.00000
0.42900	3	nan	nan	nan	nan	1000000000.0000	-1000000000.0000	0.00000
0.43000	0	nan	nan	nan	nan	1000000000.0000	-1000000000.0000	0.00000
0.43000	1	nan	nan	nan	nan	1000000000.0000	-1000000000.0000	0.00000
0.43000	2	nan	nan	nan	nan	1000000000.0000	-1000000000.0000	0.00000
0.43000	3	nan	nan	nan	nan	1000000000.0000	-1000000000.0000	0.00000
0.43100	0	nan	nan	nan	nan	1000000000.0000	-1000000000.0000	0.00000
0.43100	1	nan	nan	nan	nan	1000000000.0000	-1000000000.0000	0.00000
0.43100	2	nan	nan	nan	nan	1000000000.0000	-1000000000.0000	0.00000
0.43100	3	nan	nan	nan	nan	1000000000.0000	-1000000000.0000	0.00000
0.43200	0	nan	nan	nan	nan	1000000000.0000	-1000000000.0000	0.00000
0.43200	1	nan	nan	nan	nan	1000000000.0000	-1000000000.0000	0.00000
0.43200	2	nan	nan	nan	nan	1000000000.0000	-1000000000.0000	0.00000
0.43200	3	nan	nan	nan	nan	1000000000.0000	-1000000000.0000	0.00000
0.43300	0	nan	nan	nan	nan	1000000000.0000	-1000000000.0000	0.00000
0.43300	1	nan	nan	nan	nan	1000000000.0000	-1000000000.0000	0.00000
0.43300	2	nan	nan	nan	nan	1000000000.0000	-1000000000.0000	0.00000
0.43300	3	nan	nan	nan	nan	1000000000.0000	-1000000000.0000	0.00000
0.43400	0	nan	nan	nan	nan	1000000000.0000	-1000000000.0000	0.00000
0.43400	1	nan	nan	nan	nan	1000000000.0000	-1000000000.0000	0.00000
0.43400	2	nan	nan	nan	nan	1000000000.0000	-1000000000.0000	0.00000
0.43400	3	nan	nan	nan	nan	1000000000.0000	-1000000000.0000	0.00000
0.43500	0	nan	nan	nan	nan	1000000000.0000	-1000000000.0000	0.00000
0.43500	1	nan	nan	nan	nan	1000000000.0000	-1000000000.0000	0.00000
0.43500	2	nan	nan	nan	nan	1000000000.0000	-1000000000.0000	0.00000
0.43500	3	nan	nan	nan	nan	1000000000.0000	-1000000000.0000	0.00000
0.43600	0	nan	nan	nan	nan	1000000000.0000	-1000000000.0000	0.00000
0.43600	1	nan	nan	nan	nan	1000000000.0000	-1000000000.0000	0.00000
0.43600	2	nan	nan	nan	nan	1000000000.0000	-1000000000.0000	0.00000
0.43600	3	nan	nan	nan	nan	1000000000.0000	-1000000000.0000	0.00000
0.43700	0	nan	nan	nan	nan	1000000000.0000	-1000000000.0000	0.00000
0.43700	1	nan	nan	nan	nan	1000000000.0000	-1000000000.0000	0.00000
0.43700	2	nan	nan	nan	nan	1000000000.0000	-1000000000.0000	0.00000
0.43700	3	nan	nan	nan	nan	1000000000.0000	-1000000000.0000	0.00000
0.43800	0	nan	nan	nan	nan	1000000000.0000	-1000000000.0000	0.00000
0.43800	1	nan	nan	nan	nan	1000000000.0000	-1000000000.0000	0.00000
0.43800	2	nan	nan	nan	nan	1000000000.0000	-1000000000.0000	0.00000
0.43800	3	nan	nan	nan	nan	1000000000.0000	-1000000000.0000	0.00000
0.43900	0	nan	nan	nan	nan	1000000000.0000	-1000000000.0000	0.00000
0.43900	1	nan	nan	nan	nan	1000000000.0000	-1000000000.0000	0.00000
0.43900	2	nan	nan	nan	nan	1000000000.0000	-1000000000.0000	0.00000
0.43900	3	nan	nan	nan	nan	1000000000.0000	-1000000000.0000	0.00000
0.44000	0	nan	nan	nan	nan	1000000000.0000	-1000000000.0000	0.00000
0.44000	1	nan	nan	nan	nan	1000000000.0000	-1000000000.0000	0.00000
0.44000	2	nan	nan	nan	nan	1000000000.0000	-1000000000.0000	0.00000
0.44000	3	nan	nan	nan	nan	1000000000.0000	-1000000000.0000	0.00000
0.44100	0	nan	nan	nan	nan	1000000000.0000	-1000000000.0000	0.00000
0.44100	1	nan	nan	nan	nan	1000000000.0000	-1000000000.0000	0.00000
0.44100	2	nan	nan	nan	nan	1000000000.0000	-1000000000.0000	0.00000
0.44100	3	nan	nan	nan	nan	1000000000.0000	-1000000000.0000	0.00000
0.44200	0	nan	nan	nan	nan	1000000000.0000	-1000000000.0000	0.00000
0.44200	1	nan	nan	nan	nan	1000000000.0000	-1000000000.0000	0.00000
0.44200	2	nan	nan	nan	nan	1000000000.0000	-1000000000.0000	0.00000
0.44200	3	nan	nan	nan	nan	1000000000.0000	-1000000000.0000	0.00000
0.44300	0	nan	nan	nan	nan	1000000000.0000	-1000000000.0000	0.00000
0.44300	1	nan	nan	nan	nan	1000000000.0000	-1000000000.0000	0.00000
0.44300	2	nan	nan	nan	nan	1000000000.0000	-1000000000.0000	0.00000
0.44300	3	nan	nan	nan	nan	1000000000.0000	-1000000000.0000	0.00000
0.44400	0	nan	nan	nan	nan	1000000000.0000	-1000000000.0000	0.00000
0.44400	1	nan	nan	nan	nan	1000000000.0000	-1000000000.0000	0.00000
0.44400	2	nan	nan	nan	nan	1000000000.0000	-1000000000.0000	0.00000
0.44400	3	nan	nan	nan	nan	1000000000.0000	-1000000000.0000	0.00000
0.44500	0	nan	nan	nan	nan	1000000000.0000	-1000000000.0000	0.00000
0.44500	1	nan	nan	nan	nan	1000000000.0000	-1000000000.0000	0.00000
0.44500	2	nan	nan	nan	nan	1000000000.0000	-1000000000.0000	0.00000
0.44500	3	nan	nan	nan	nan	1000000000.0000	-1000000000.0000	0.00000
0.44600	0	nan	nan	nan	nan	1000000000.0000	-1000000000.0000	0.00000
0.44600	1	nan	nan	nan	nan	1000000000.0000	-1000000000.0000	0.00000
0.44600	2	nan	nan	nan	nan	1000000000.0000	-1000000000.0000	0.00000
0.44600	3	nan	nan	nan	nan	1000000000.0000	-1000000000.0000	0.00000
0.44700	0	nan	nan	nan	nan	1000000000.0000	-1000000000.0000	0.00000
0.44700	1	nan	nan	nan	nan	1000000000.0000	-1000000000.0000	0.00000
0.44700	2	nan	nan	nan	nan	1000000000.0000	-1000000000.0000	0.00000
0.44700	3	nan	nan	nan	nan	1000000000.0000	-1000000000.0000	0.00000
0.44800	0	nan	nan	nan	nan	1000000000.0000	-1000000000.0000	0.00000
0.44800	1	nan	nan	nan	nan	1000000000.0000	-1000000000.0000	0.00000
0.44800	2	nan	nan	nan	nan	1000000000.0000	-1000000000.0000	0.00000
0.44800	3	nan	nan	nan	nan	1000000000.0000	-1000000000.0000	0.00000
0.44900	0	nan	nan	nan	nan	1000000000.0000	-1000000000.0000	0.00000
0.44900	1	nan	nan	nan	nan	1000000000.0000	-1000000000.0000	0.00000
0.44900	2	nan	nan	nan	nan	1000000000.0000	-1000000000.0000	0.00000
0.44900	3	nan	nan	nan	nan	1000000000.0000	-1000000000.0000	0.00000
0.45000	0	nan	nan	nan	nan	1000000000.0000	-1000000000.0000	0.00000
0.45000	1	nan	nan	nan	nan	1000000000.0000	-1000000000.0000	0.00000
0.45000	2	nan	nan	nan	nan	1000000000.0000	-1000000000.0000	0.00000
0.45000	3	nan	nan	nan	nan	1000000000.0000	-1000000000.0000	0.00000
0.45100	0	nan	nan	nan	nan	1000000000.0000	-1000000000.0000	0.00000
0.45100	1	nan	nan	nan	nan	1000000000.0000	-1000000000.0000	0.00000
0.45100	2	nan	nan	nan	nan	1000000000.0000	-1000000000.0000	0.00000
0.45100	3	nan	nan	nan	nan	1000000000.0000	-1000000000.0000	0.00000
0.45200	0	nan	nan	nan	nan	1000000000.0000	-1000000000.0000	0.00000
0.45200	1	nan	nan	nan	nan	1000000000.0000	-1000000000.0000	0.00000
0.45200	2	nan	nan	nan	nan	1000000000.0000	-1000000000.0000	0.00000
0.45200	3	nan	nan	nan	nan	1000000000.0000	-1000000000.0000	0.00000
0.45300	0	nan	nan	nan	nan	1000000000.0000	-1000000000.0000	0.00000
0.45300	1	nan	nan	nan	nan	1000000000.0000	-1000000000.0000	0.00000
0.45300	2	nan	nan	nan	nan	1000000000.0000	-1000000000.0000	0.00000
0.45300	3	nan	nan	nan	nan	1000000000.0000	-1000000000.0000	0.00000
0.45400	0	nan	nan	nan	nan	1000000000.0000	-1000000000.0000	0.00000
0.45400	1	nan	nan	nan	nan	1000000000.0000	-1000000000.0000	0.00000
0.45400	2	nan	nan	nan	nan	1000000000.0000	-1000000000.0000	0.00000
0.45400	3	nan	nan	nan	nan	1000000000.0000	-1000000000.0000	0.00000
0.45500	0	nan	nan	nan	nan	1000000000.0000	-1000000000.0000	0.00000
0.45500	1	nan	nan	nan	nan	1000000000.0000	-1000000000.0000	0.00000
0.45500	2	nan	nan	nan	nan	1000000000.0000	-1000000000.0000	0.00000
0.45500	3	nan	nan	nan	nan	1000000000.0000	-1000000000.0000	0.00000
0.45600	0	nan	nan	nan	nan	1000000000.0000	-1000000000.0000	0.00000
0.45600	1	nan	nan	nan	nan	1000000000.0000	-1000000000.0000	0.00000
0.45600	2	nan	nan	nan	nan	1000000000.0000	-1000000000.0000	0.00000
0.45600	3	nan	nan	nan	nan	1000000000.0000	-1000000000.0000	0.00000
0.45700	0	nan	nan	nan	nan	1000000000.0000	-1000000000.0000	0.00000
0.45700	1	nan	nan	nan	nan	1000000000.0000	-1000000000.0000	0.00000
0.45700	2	nan	nan	nan	nan	1000000000.0000	-1000000000.0000	0.00000
0.45700	3	nan	nan	nan	nan	1000000000.0000	-1000000000.0000	0.00000
0.45800	0	nan	nan	nan	nan	1000000000.0000	-1000000000.0000	0.00000
0.45800	1	nan	nan	nan	nan	1000000000.0000	-1000000000.0000	0.00000
0.45800	2	nan	nan	nan	nan	1000000000.0000	-1000000000.0000	0.00000
0.45800	3	nan	nan	nan	nan	1000000000.0000	-1000000000.0000	0.00000
0.45900	0	nan	nan	nan	nan	1000000000.0000	-1000000000.0000	0.00000
0.45900	1	nan	nan	nan	nan	1000000000.0000	-1000000000.0000	0.00000
0.45900	2	nan	nan	nan	nan	1000000000.0000	-1000000000.0000	0.00000
0.45900	3	nan	nan	nan	nan	1000000000.0000	-1000000000.0000	0.00000
0.46000	0	nan	nan	nan	nan	1000000000.0000	-1000000000.0000	0.00000
0.46000	1	nan	nan	nan	nan	1000000000.0000	-1000000000.0000	0.00000
0.46000	2	nan	nan	nan	nan	1000000000.0000	-1000000000.0000	0.00000
0.46000	3	nan	nan	nan	nan	1000000000.0000	-1000000000.0000	0.00000
0.46100	0	nan	nan	nan	nan	1000000000.0000	-1000000000.0000	0.00000
0.46100	1	nan	nan	nan	nan	1000000000.0000	-1000000000.0000	0.00000
0.46100	2	nan	nan	nan	nan	1000000000.0000	-1000000000.0000	0.00000
0.46100	3	nan	nan	nan	nan	1000000000.0000	-1000000000.0000	0.00000
0.46200	0	nan	nan	nan	nan	1000000000.0000	-1000000000.0000	0.00000
0.46200	1	nan	nan	nan	nan	1000000000.0000	-1000000000.0000	0.00000
0.46200	2	nan	nan	nan	nan	1000000000.0000	-1000000000.0000	0.00000
0.46200	3	nan	nan	nan	nan	1000000000.0000	-1000000000.0000	0.00000
0.46300	0	nan	nan	nan	nan	1000000000.0000	-1000000000.0000	0.00000
0.46300	1	nan	nan	nan	nan	1000000000.0000	-1000000000.0000	0.00000
0.46300	2	nan	nan	nan	nan	1000000000.0000	-1000000000.0000	0.00000
0.46300	3	nan	nan	nan	nan	1000000000.0000	-1000000000.0000	0.00000
0.46400	0	nan	nan	nan	nan	1000000000.0000	-1000000000.0000	0.00000
0.46400	1	nan	nan	nan	nan	1000000000.0000	-1000000000.0000	0.00000
0.46400	2	nan	nan	nan	nan	1000000000.0000	-1000000000.0000	0.00000
0.46400	3	nan	nan	nan	nan	1000000000.0000	-1000000000.0000	0.00000
0.46500	0	nan	nan	nan	nan	1000000000.0000	-1000000000.0000	0.00000
0.46500	1	nan	nan	nan	nan	1000000000.0000	-1000000000.0000	0.00000
0.46500	2	nan	nan	nan	nan	1000000000.0000	-1000000000.0000	0.00000
0.46500	3	nan	nan	nan	nan	1000000000.0000	-1000000000.0000	0.00000
0.46600	0	nan	nan	nan	nan	1000000000.0000	-1000000000.0000	0.00000
0.46600	1	nan	nan	nan	nan	1000000000.0000	-1000000000.0000	0.00000
0.46600	2	nan	nan	nan	nan	1000000000.0000	-1000000000.0000	0.00000
0.46600	3	nan	nan	nan	nan	1000000000.0000	-1000000000.0000	0.00000
0.46700	0	nan	nan	nan	nan	1000000000.0000	-1000000000.0000	0.00000
0.46700	1	nan	nan	nan	nan	1000000000.0000	-1000000000.0000	0.00000
0.46700	2	nan	nan	nan	nan	1000000000.0000	-1000000000.0000	0.00000
0.46700	3	nan	nan	nan	nan	1000000000.0000	-1000000000.0000	0.00000
0.46800	0	nan	nan	nan	nan	1000000000.0000	-1000000000.0000	0.00000
0.46800	1	nan	nan	nan	nan	1000000000.0000	-1000000000.0000	0.00000
0.46800	2	nan	nan	nan	nan	1000000000.0000	-1000000000.0000	0.00000
0.46800	3	nan	nan	nan	nan	1000000000.0000	-1000000000.0000	0.00000
0.46900	0	nan	nan	nan	nan	1000000000.0000	-1000000000.0000	0.00000
0.46900	1	nan	nan	nan	nan	1000000000.0000	-1000000000.0000	0.00000
0.46900	2	nan	nan	nan	nan	1000000000.0000	-1000000000.0000	0.00000
0.46900	3	nan	nan	nan	nan	1000000000.0000	-1000000000.0000	0.00000
0.47000	0	nan	nan	nan	nan	1000000000.0000	-1000000000.0000	0.00000
0.47000	1	nan	nan	nan	nan	1000000000.0000	-1000000000.0000	0.00000
0.47000	2	nan	nan	nan	nan	1000000000.0000	-1000000000.0000	0.00000
0.47000	3	nan	nan	nan	nan	1000000000.0000	-1000000000.0000	0.00000
0.47100	0	nan	nan	nan	nan	1000000000.0000	-1000000000.0000	0.00000
0.47100	1	nan	nan	nan	nan	1000000000.0000	-1000000000.0000	0.00000
0.47100	2	nan	nan	nan	nan	1000000000.0000	-1000000000.0000	0.00000
0.47100	3	nan	nan	nan	nan	1000000000.0000	-1000000000.0000	0.00000
0.47200	0	nan	nan	nan	nan	1000000000.0000	-1000000000.0000	0.00000
0.47200	1	nan	nan	nan	nan	1000000000.0000	-1000000000.0000	0.00000
0.47200	2	nan	nan	nan	nan	1000000000.0000	-1000000000.0000	0.00000
0.47200	3	nan	nan	nan	nan	1000000000.0000	-1000000000.0000	0.00000
0.47300	0	nan	nan	nan	nan	1000000000.0000	-1000000000.0000	0.00000
0.47300	1	nan	nan	nan	nan	1000000000.0000	-1000000000.0000	0.00000
0.47300	2	nan	nan	nan	nan	1000000000.0000	-1000000000.0000	0.00000
0.47300	3	nan	nan	nan	nan	1000000000.0000	-1000000000.0000	0.00000
0.47400	0	nan	nan	nan	nan	1000000000.0000	-1000000000.0000	0.00000
0.47400	1	nan	nan	nan	nan	1000000000.0000	-1000000000.0000	0.00000
0.47400	2	nan	nan	nan	nan	1000000000.0000	-1000000000.0000	0.00000
0.47400	3	nan	nan	nan	nan	1000000000.0000	-1000000000.0000	0.00000
0.47500	0	nan	nan	nan	nan	1000000000.0000	-1000000000.0000	0.00000
0.47500	1	nan	nan	nan	nan	1000000000.0000	-1000000000.0000	0.00000
0.47500	2	nan	nan	nan	nan	1000000000.0000	-1000000000.0000	0.00000
0.47500	3	nan	nan	nan	nan	1000000000.0000	-1000000000.0000	0.00000
0.47600	0	nan	nan	nan	nan	1000000000.0000	-1000000000.0000	0.00000
0.47600	1	nan	nan	nan	nan	1000000000.0000	-1000000000.0000	0.00000
0.47600	2	nan	nan	nan	nan	1000000000.0000	-1000000000.0000	0.00000
0.47600	3	nan	nan	nan	nan	1000000000.0000	-1000000000.0000	0.00000
0.47700	0	nan	nan	nan	nan	1000000000.0000	-1000000000.0000	0.00000
0.47700	1	nan	nan	nan	nan	1000000000.0000	-1000000000.0000	0.00000
0.47700	2	nan	nan	nan	nan	1000000000.0000	-1000000000.0000	0.00000
0.47700	3	nan	nan	nan	nan	1000000000.0000	-1000000000.0000	0.00000
0.47800	0	nan	nan	nan	nan	1000000000.0000	-1000000000.0000	0.00000
0.47800	1	nan	nan	nan	nan	1000000000.0000	-1000000000.0000	0.00000
0.47800	2	nan	nan	nan	nan	1000000000.0000	-1000000000.0000	0.00000
0.47800	3	nan	nan	nan	nan	1000000000.0000	-1000000000.0000	0.00000
0.47900	0	nan	nan	nan	nan	1000000000.0000	-1000000000.0000	0.00000
0.47900	1	nan	nan	nan	nan	1000000000.0000	-1000000000.0000	0.00000
0.47900	2	nan	nan	nan	nan	1000000000.0000	-1000000000.0000	0.00000
0.47900	3	nan	nan	nan	nan	1000000000.0000	-1000000000.0000	0.00000
0.48000	0	nan	nan	nan	nan	1000000000.0000	-1000000000.0000	0.00000
0.48000	1	nan	nan	nan	nan	1000000000.0000	-1000000000.0000	0.00000
0.48000	2	nan	nan	nan	nan	1000000000.0000	-1000000000.0000	0.00000
0.48000	3	nan	nan	nan	nan	1000000000.0000	-1000000000.0000	0.00000
0.48100	0	nan	nan	nan	nan	1000000000.0000	-1000000000.0000	0.00000
0.48100	1	nan	nan	nan	nan	1000000000.0000	-1000000000.0000	0.00000
0.48100	2	nan	nan	nan	nan	1000000000.0000	-1000000000.0000	0.00000
0.48100	3	nan	nan	nan	nan	1000000000.0000	-1000000000.0000	0.00000
0.48200	0	nan	nan	nan	nan	1000000000.0000	-1000000000.0000	0.00000
0.48200	1	nan	nan	nan	nan	1000000000.0000	-1000000000.0000	0.00000
0.48200	2	nan	nan	nan	nan	1000000000.0000	-1000000000.0000	0.00000
0.48200	3	nan	nan	nan	nan	1000000000.0000	-1000000000.0000	0.00000
0.48300	0	nan	nan	nan	nan	1000000000.0000	-1000000000.0000	0.00000
0.48300	1	nan	nan	nan	nan	1000000000.0000	-1000000000.0000	0.00000
0.48300	2	nan	nan	nan	nan	1000000000.0000	-1000000000.0000	0.00000
0.48300	3	nan	nan	nan	nan	1000000000.0000	-1000000000.0000	0.00000
0.48400	0	nan	nan	nan	nan	1000000000.0000	-1000000000.0000	0.00000
0.48400	1	nan	nan	nan	nan	1000000000.0000	-1000000000.0000	0.00000
0.48400	2	nan	nan	nan	nan	1000000000.0000	-1000000000.0000	0.00000
0.48400	3	nan	nan	nan	nan	1000000000.0000	-1000000000.0000	0.00000
0.48500	0	nan	nan	nan	nan	1000000000.0000	-1000000000.0000	0.00000
0.48500	1	nan	nan	nan	nan	1000000000.0000	-1000000000.0000	0.00000
0.48500	2	nan	nan	nan	nan	1000000000.0000	-1000000000.0000	0.00000
0.48500	3	nan	nan	nan	nan	1000000000.0000	-1000000000.0000	0.00000
0.48600	0	nan	nan	nan	nan	1000000000.0000	-1000000000.0000	0.00000
0.48600	1	nan	nan	nan	nan	1000000000.0000	-1000000000.0000	0.00000
0.48600	2	nan	nan	nan	nan	1000000000.0000	-1000000000.0000	0.00000
0.48600	3	nan	nan	nan	nan	1000000000.0000	-1000000000.0000	0.00000
0.48700	0	nan	nan	nan	nan	1000000000.0000	-1000000000.0000	0.00000
0.48700	1	nan	nan	nan	nan	1000000000.0000	-1000000000.0000	0.00000
0.48700	2	nan	nan	nan	nan	1000000000.0000	-1000000000.0000	0.00000
0.48700	3	nan	nan	nan	nan	1000000000.0000	-1000000000.0000	0.00000
0.48800	0	nan	nan	nan	nan	1000000000.0000	-1000000000.0000	0.00000
0.48800	1	nan	nan	nan	nan	1000000000.0000	-1000000000.0000	0.00000
0.48800	2	nan	nan	nan	nan	1000000000.0000	-1000000000.0000	0.00000
0.48800	3	nan	nan	nan	nan	1000000000.0000	-1000000000.0000	0.00000
0.48900	0	nan	nan	nan	nan	1000000000.0000	-1000000000.0000	0.00000
0.48900	1	nan	nan	nan	nan	1000000000.0000	-1000000000.0000	0.00000
0.48900	2	nan	nan	nan	nan	1000000000.0000	-1000000000.0000	0.00000
0.48900	3	nan	nan	nan	nan	1000000000.0000	-1000000000.0000	0.00000
0.49000	0	nan	nan	nan	nan	1000000000.0000	-1000000000.0000	0.00000
0.49000	1	nan	nan	nan	nan	1000000000.0000	-1000000000.0000	0.00000
0.49000	2	nan	nan	nan	nan	1000000000.0000	-1000000000.0000	0.00000
0.49000	3	nan	nan	nan	nan	1000000000.0000	-1000000000.0000	0.00000
0.49100	0	nan	nan	nan	nan	1000000000.0000	-1000000000.0000	0.00000
0.49100	1	nan	nan	nan	nan	1000000000.0000	-1000000000.0000	0.00000
0.49100	2	nan	nan	nan	nan	1000000000.0000	-1000000000.0000	0.00000
0.49100	3	nan	nan	nan	nan	1000000000.0000	-1000000000.0000	0.00000
0.49200	0	nan	nan	nan	nan	1000000000.0000	-1000000000.0000	0.00000
0.49200	1	nan	nan	nan	nan	1000000000.0000	-1000000000.0000	0.00000
0.49200	2	nan	nan	nan	nan	1000000000.0000	-1000000000.0000	0.00000
0.49200	3	nan	nan	nan	nan	1000000000.0000	-1000000000.0000	0.00000
0.49300	0	nan	nan	nan	nan	1000000000.0000	-1000000000.0000	0.00000
0.49300	1	nan	nan	nan	nan	1000000000.0000	-1000000000.0000	0.00000
0.49300	2	nan	nan	nan	nan	1000000000.0000	-1000000000.0000	0.00000
0.49300	3	nan	nan	nan	nan	1000000000.0000	-1000000000.0000	0.00000
0.49400	0	nan	nan	nan	nan	1000000000.0000	-1000000000.0000	0.00000
0.49400	1	nan	nan	nan	nan	1000000000.0000	-1000000000.0000	0.00000
0.49400	2	nan	nan	nan	nan	1000000000.0000	-1000000000.0000	0.00000
0.49400	3	nan	nan	nan	nan	1000000000.0000	-1000000000.0000	0.00000
0.49500	0	nan	nan	nan	nan	1000000000.0000	-1000000000.0000	0.00000
0.49500	1	nan	nan	nan	nan	1000000000.0000	-1000000000.0000	0.00000
0.49500	2	nan	nan	nan	nan	1000000000.0000	-1000000000.0000	0.00000
0.49500	3	nan	nan	nan	nan	1000000000.0000	-1000000000.0000	0.00000
0.49600	0	nan	nan	nan	nan	1000000000.0000	-1000000000.0000	0.00000
0.49600	1	nan	nan	nan	nan	1000000000.0000	-1000000000.0000	0.00000
0.49600	2	nan	nan	nan	nan	1000000000.0000	-1000000000.0000	0.00000
0.49600	3	nan	nan	nan	nan	1000000000.0000	-1000000000.0000	0.00000
0.49700	0	nan	nan	nan	nan	1000000000.0000	-1000000000.0000	0.00000
0.49700	1	nan	nan	nan	nan	1000000000.0000	-1000000000.0000	0.00000
0.49700	2	nan	nan	nan	nan	1000000000.0000	-1000000000.0000	0.00000
0.49700	3	nan	nan	nan	nan	1000000000.0000	-1000000000.0000	0.00000
0.49800	0	nan	nan	nan	nan	1000000000.0000	-1000000000.0000	0.00000
0.49800	1	nan	nan	nan	nan	1000000000.0000	-1000000000.0000	0.00000
0.49800	2	nan	nan	nan	nan	1000000000.0000	-1000000000.0000	0.00000
0.49800	3	nan	nan	nan	nan	1000000000.0000	-1000000000.0000	0.00000
0.49900	0	nan	nan	nan	nan	1000000000.0000	-1000000000.0000	0.00000
0.49900	1	nan	nan	nan	nan	1000000000.0000	-1000000000.0000	0.00000
0.49900	2	nan	nan	nan	nan	1000000000.0000	-1000000000.0000	0.00000
0.49900	3	nan	nan	nan	nan	1000000000.0000	-1000000000.0000	0.00000
0.50000	0	nan	nan	nan	nan	1000000000.0000	-1000000000.0000	0.00000
0.50000	1	nan	nan	nan	nan	1000000000.0000	-1000000000.0000	0.00000
0.50000	2	nan	nan	nan	nan	1000000000.0000	-1000000000.0000	0.00000
0.50000	3	nan	nan	nan	nan	1000000000.0000	-1000000000.0000	0.00000
0.50100	0	nan	nan	nan	nan	1000000000.0000	-1000000000.0000	0.00000
0.50100	1	nan	nan	nan	nan	1000000000.0000	-1000000000.0000	0.00000
0.50100	2	nan	nan	nan	nan	1000000000.0000	-1000000000.0000	0.00000
0.50100	3	nan	nan	nan	nan	1000000000.0000	-1000000000.0000	0.00000
0.50200	0	nan	nan	nan	nan	1000000000.0000	-1000000000.0000	0.00000
0.50200	1	nan	nan	nan	nan	1000000000.0000	-1000000000.0000	0.00000
0.50200	2	nan	nan	nan	nan	1000000000.0000	-1000000000.0000	0.00000
0.50200	3	nan	nan	nan	nan	1000000000.0000	-1000000000.0000	0.00000
0.50300	0	nan	nan	nan	nan	1000000000.0000	-1000000000.0000	0.00000
0.50300	1	nan	nan	nan	nan	1000000000.0000	-1000000000.0000	0.00000
0.50300	2	nan	nan	nan	nan	1000000000.0000	-1000000000.0000	0.00000
0.50300	3	nan	nan	nan	nan	1000000000.0000	-1000000000.0000	0.00000
0.50400	0	nan	nan	nan	nan	1000000000.0000	-1000000000.0000	0.00000
0.50400	1	nan	nan	nan	nan	1000000000.0000	-1000000000.0000	0.00000
0.50400	2	nan	nan	nan	nan	1000000000.0000	-1000000000.0000	0.00000
0.50400	3	nan	nan	nan	nan	1000000000.0000	-1000000000.0000	0.00000
0.50500	0	nan	nan	nan	nan	1000000000.0000	-1000000000.0000	0.00000
0.50500	1	nan	nan	nan	nan	1000000000.0000	-1000000000.0000	0.00000
0.50500	2	nan	nan	nan	nan	1000000000.0000	-1000000000.0000	0.00000
0.50500	3	nan	nan	nan	nan	1000000000.0000	-1000000000.0000	0.00000
0.50600	0	nan	nan	nan	nan	1000000000.0000	-1000000000.0000	0.00000
0.50600	1	nan	nan	nan	nan	1000000000.0000	-1000000000.0000	0.00000
0.50600	2	nan	nan	nan	nan	1000000000.0000	-1000000000.0000	0.00000
0.50600	3	nan	nan	nan	nan	1000000000.0000	-1000000000.0000	0.00000
0.50700	0	nan	nan	nan	nan	1000000000.0000	-1000000000.0000	0.00000
0.50700	1	nan	nan	nan	nan	1000000000.0000	-1000000000.0000	0.00000
0.50700	2	nan	nan	nan	nan	1000000000.0000	-1000000000.0000	0.00000
0.50700	3	nan	nan	nan	nan	1000000000.0000	-1000000000.0000	0.00000
0.50800	0	nan	nan	nan	nan	1000000000.0000	-1000000000.0000	0.00000
0.50800	1	nan	nan	nan	nan	1000000000.0000	-1000000000.0000	0.00000
0.50800	2	nan	nan	nan	nan	1000000000.0000	-1000000000.0000	0.00000
0.50800	3	nan	nan	nan	nan	1000000000.0000	-1000000000.0000	0.00000
0.50900	0	nan	nan	nan	nan	1000000000.0000	-1000000000.0000	0.00000
0.50900	1	nan	nan	nan	nan	1000000000.0000	-1000000000.0000	0.00000
0.50900	2	nan	nan	nan	nan	1000000000.0000	-1000000000.0000	0.00000
0.50900	3	nan	nan	nan	nan	1000000000.0000	-1000000000.0000	0.00000
0.51000	0	nan	nan	nan	nan	1000000000.0000	-1000000000.0000	0.00000
0.51000	1	nan	nan	nan	nan	1000000000.0000	-1000000000.0000	0.00000
0.51000	2	nan	nan	nan	nan	1000000000.0000	-1000000000.0000	0.00000
0.51000	3	nan	nan	nan	nan	1000000000.0000	-1000000000.0000	0.00000
0.51100	0	nan	nan	nan	nan	1000000000.0000	-1000000000.0000	0.00000
0.51100	1	nan	nan	nan	nan	1000000000.0000	-1000000000.0000	0.00000
0.51100	2	nan	nan	nan	nan	1000000000.0000	-1000000000.0000	0.00000
0.51100	3	nan	nan	nan	nan	1000000000.0000	-1000000000.0000	0.00000
0.51200	0	nan	nan	nan	nan	1000000000.0000	-1000000000.0000	0.00000
0.51200	1	nan	nan	nan	nan	1000000000.0000	-1000000000.0000	0.00000
0.51200	2	nan	nan	nan	nan	1000000000.0000	-1000000000.0000	0.00000
0.51200	3	nan	nan	nan	nan	1000000000.0000	-1000000000.0000	0.00000
0.51300	0	nan	nan	nan	nan	1000000000.0000	-1000000000.0000	0.00000
0.51300	1	nan	nan	nan	nan	1000000000.0000	-1000000000.0000	0.00000
0.51300	2	nan	nan	nan	nan	1000000000.0000	-1000000000.0000	0.00000
0.51300	3	nan	nan	nan	nan	1000000000.0000	-1000000000.0000	0.00000
0.51400	0	nan	nan	nan	nan	1000000000.0000	-1000000000.0000	0.00000
0.51400	1	nan	nan	nan	nan	1000000000.0000	-1000000000.0000	0.00000
0.51400	2	nan	nan	nan	nan	1000000000.0000	-1000000000.0000	0.00000
0.51400	3	nan	nan	nan	nan	1000000000.0000	-1000000000.0000	0.00000
0.51500	0	nan	nan	nan	nan	1000000000.0000	-1000000000.0000	0.00000
0.51500	1	nan	nan	nan	nan	1000000000.0000	-1000000000.0000	0.00000
0.51500	2	nan	nan	nan	nan	1000000000.0000	-1000000000.0000	0.00000
0.51500	3	nan	nan	nan	nan	1000000000.0000	-1000000000.0000	0.00000
0.51600	0	nan	nan	nan	nan	1000000000.0000	-1000000000.0000	0.00000
0.51600	1	nan	nan	nan	nan	1000000000.0000	-1000000000.0000	0.00000
0.51600	2	nan	nan	nan	nan	1000000000.0000	-1000000000.0000	0.00000
0.51600	3	nan	nan	nan	nan	1000000000.0000	-1000000000.0000	0.00000
0.51700	0	nan	nan	nan	nan	1000000000.0000	-1000000000.0000	0.00000
0.51700	1	nan	nan	nan	nan	1000000000.0000	-1000000000.0000	0.00000
0.51700	2	nan	nan	nan	nan	1000000000.0000	-1000000000.0000	0.00000
0.51700	3	nan	nan	nan	nan	1000000000.0000	-1000000000.0000	0.00000
0.51800	0	nan	nan	nan	nan	1000000000.0000	-1000000000.0000	0.00000
0.51800	1	nan	nan	nan	nan	1000000000.0000	-1000000000.0000	0.00000
0.51800	2	nan	nan	nan	nan	1000000000.0000	-1000000000.0000	0.00000
0.51800	3	nan	nan	nan	nan	1000000000.0000	-1000000000.0000	0.00000
0.51900	0	nan	nan	nan	nan	1000000000.0000	-1000000000.0000	0.00000
0.51900	1	nan	nan	nan	nan	1000000000.0000	-1000000000.0000	0.00000
0.51900	2	nan	nan	nan	nan	1000000000.0000	-1000000000.0000	0.00000
0.51900	3	nan	nan	nan	nan	1000000000.0000	-1000000000.0000	0.00000
0.52000	0	nan	nan	nan	nan	1000000000.0000	-1000000000.0000	0.00000
0.52000	1	nan	nan	nan	nan	1000000000.0000	-1000000000.0000	0.00000
0.52000	2	nan	nan	nan	nan	1000000000.0000	-1000000000.0000	0.00000
0.52000	3	nan	nan	nan	nan	1000000000.0000	-1000000000.0000	0.00000
0.52100	0	nan	nan	nan	nan	1000000000.0000	-1000000000.0000	0.00000
0.52100	1	nan	nan	nan	nan	1000000000.0000	-1000000000.0000	0.00000
0.52100	2	nan	nan	nan	nan	1000000000.0000	-1000000000.0000	0.00000
0.52100	3	nan	nan	nan	nan	1000000000.0000	-1000000000.0000	0.00000
0.52200	0	nan	nan	nan	nan	1000000000.0000	-1000000000.0000	0.00000
0.52200	1	nan	nan	nan	nan	1000000000.0000	-1000000000.0000	0.00000
0.52200	2	nan	nan	nan	nan	1000000000.0000	-1000000000.0000	0.00000
0.52200	3	nan	nan	nan	nan	1000000000.0000	-1000000000.0000	0.00000
0.52300	0	nan	nan	nan	nan	1000000000.0000	-1000000000.0000	0.00000
0.52300	1	nan	nan	nan	nan	1000000000.0000	-1000000000.0000	0.00000
0.52300	2	nan	nan	nan	nan	1000000000.0000	-1000000000.0000	0.00000
0.52300	3	nan	nan	nan	nan	1000000000.0000	-1000000000.0000	0.00000
0.52400	0	nan	nan	nan	nan	1000000000.0000	-1000000000.0000	0.00000
0.52400	1	nan	nan	nan	nan	1000000000.0000	-1000000000.0000	0.00000
0.52400	2	nan	nan	nan	nan	1000000000.0000	-1000000000.0000	0.00000
0.52400	3	nan	nan	nan	nan	1000000000.0000	-1000000000.0000	0.00000
0.52500	0	nan	nan	nan	nan	1000000000.0000	-1000000000.0000	0.00000
0.52500	1	nan	nan	nan	nan	1000000000.0000	-1000000000.0000	0.00000
0.52500	2	nan	nan	nan	nan	1000000000.0000	-1000000000.0000	0.00000
0.52500	3	nan	nan	nan	nan	1000000000.0000	-1000000000.0000	0.00000
0.52600	0	nan	nan	nan	nan	1000000000.0000	-1000000000.0000	0.00000
0.52600	1	nan	nan	nan	nan	1000000000.0000	-1000000000.0000	0.00000
0.52600	2	nan	nan	nan	nan	1000000000.0000	-1000000000.0000	0.00000
0.52600	3	nan	nan	nan	nan	1000000000.0000	-1000000000.0000	0.00000
0.52700	0	nan	nan	nan	nan	1000000000.0000	-1000000000.0000	0.00000
0.52700	1	nan	nan	nan	nan	1000000000.0000	-1000000000.0000	0.00000
0.52700	2	nan	nan	nan	nan	1000000000.0000	-1000000000.0000	0.00000
0.52700	3	nan	nan	nan	nan	1000000000.0000	-1000000000.0000	0.00000
0.52800	0	nan	nan	nan	nan	1000000000.0000	-1000000000.0000	0.00000
0.52800	1	nan	nan	nan	nan	1000000000.0000	-1000000000.0000	0.00000
0.52800	2	nan	nan	nan	nan	1000000000.0000	-1000000000.0000	0.00000
0.52800	3	nan	nan	nan	nan	1000000000.0000	-1000000000.0000	0.00000
0.52900	0	nan	nan	nan	nan	1000000000.0000	-1000000000.0000	0.00000
0.52900	1	nan	nan	nan	nan	1000000000.0000	-1000000000.0000	0.00000
0.52900	2	nan	nan	nan	nan	1000000000.0000	-1000000000.0000	0.00000
0.52900	3	nan	nan	nan	nan	1000000000.0000	-1000000000.0000	0.00000
0.53000	0	nan	nan	nan	nan	1000000000.0000	-1000000000.0000	0.00000
0.53000	1	nan	nan	nan	nan	1000000000.0000	-1000000000.0000	0.00000
0.53000	2	nan	nan	nan	nan	1000000000.0000	-1000000000.0000	0.00000
0.53000	3	nan	nan	nan	nan	1000000000.0000	-1000000000.0000	0.00000
0.53100	0	nan	nan	nan	nan	1000000000.0000	-1000000000.0000	0.00000
0.53100	1	nan	nan	nan	nan	1000000000.0000	-1000000000.0000	0.00000
0.53100	2	nan	nan	nan	nan	1000000000.0000	-1000000000.0000	0.00000
0.53100	3	nan	nan	nan	nan	1000000000.0000	-1000000000.0000	0.00000
0.53200	0	nan	nan	nan	nan	1000000000.0000	-1000000000.0000	0.00000
0.53200	1	nan	nan	nan	nan	1000000000.0000	-1000000000.0000	0.00000
0.53200	2	nan	nan	nan	nan	1000000000.0000	-1000000000.0000	0.00000
0.53200	3	nan	nan	nan	nan	1000000000.0000	-1000000000.0000	0.00000
0.53300	0	nan	nan	nan	nan	1000000000.0000	-1000000000.0000	0.00000
0.53300	1	nan	nan	nan	nan	1000000000.0000	-1000000000.0000	0.00000
0.53300	2	nan	nan	nan	nan	1000000000.0000	-1000000000.0000	0.00000
0.53300	3	nan	nan	nan	nan	1000000000.0000	-1000000000.0000	0.00000
0.53400	0	nan	nan	nan	nan	1000000000.0000	-1000000000.0000	0.00000
0.53400	1	nan	nan	nan	nan	1000000000.0000	-1000000000.0000	0.00000
0.53400	2	nan	nan	nan	nan	1000000000.0000	-1000000000.0000	0.00000
0.53400	3	nan	nan	nan	nan	1000000000.0000	-1000000000.0000	0.00000
0.53500	0	nan	nan	nan	nan	1000000000.0000	-1000000000.0000	0.00000
0.53500	1	nan	nan	nan	nan	1000000000.0000	-1000000000.0000	0.00000
0.53500	2	nan	nan	nan	nan	1000000000.0000	-1000000000.0000	0.00000
0.53500	3	nan	nan	nan	nan	1000000000.0000	-1000000000.0000	0.00000
0.53600	0	nan	nan	nan	nan	1000000000.0000	-1000000000.0000	0.00000
0.53600	1	nan	nan	nan	nan	1000000000.0000	-1000000000.0000	0.00000
0.53600	2	nan	nan	nan	nan	1000000000.0000	-1000000000.0000	0.00000
0.53600	3	nan	nan	nan	nan	1000000000.0000	-1000000000.0000	0.00000
0.53700	0	nan	nan	nan	nan	1000000000.0000	-1000000000.0000	0.00000
0.53700	1	nan	nan	nan	nan	1000000000.0000	-1000000000.0000	0.00000
0.53700	2	nan	nan	nan	nan	1000000000.0000	-1000000000.0000	0.00000
0.53700	3	nan	nan	nan	nan	1000000000.0000	-1000000000.0000	0.00000
0.53800	0	nan	nan	nan	nan	1000000000.0000	-1000000000.0000	0.00000
0.53800	1	nan	nan	nan	nan	1000000000.0000	-1000000000.0000	0.00000
0.53800	2	nan	nan	nan	nan	1000000000.0000	-1000000000.0000	0.00000
0.53800	3	nan	nan	nan	nan	1000000000.0000	-1000000000.0000	0.00000
0.53900	0	nan	nan	nan	nan	1000000000.0000	-1000000000.0000	0.00000
0.53900	1	nan	nan	nan	nan	1000000000.0000	-1000000000.0000	0.00000
0.53900	2	nan	nan	nan	nan	1000000000.0000	-1000000000.0000	0.00000
0.53900	3	nan	nan	nan	nan	1000000000.0000	-1000000000.0000	0.00000
0.54000	0	nan	nan	nan	nan	1000000000.0000	-1000000000.0000	0.00000
0.54000	1	nan	nan	nan	nan	1000000000.0000	-1000000000.0000	0.00000
0.54000	2	nan	nan	nan	nan	1000000000.0000	-1000000000.0000	0.00000
0.54000	3	nan	nan	nan	nan	1000000000.0000	-1000000000.0000	0.00000
0.54100	0	nan	nan	nan	nan	1000000000.0000	-1000000000.0000	0.00000
0.54100	1	nan	nan	nan	nan	1000000000.0000	-1000000000.0000	0.00000
0.54100	2	nan	nan	nan	nan	1000000000.0000	-1000000000.0000	0.00000
0.54100	3	nan	nan	nan	nan	1000000000.0000	-1000000000.0000	0.00000
0.54200	0	nan	nan	nan	nan	1000000000.0000	-1000000000.0000	0.00000
0.54200	1	nan	nan	nan	nan	1000000000.0000	-1000000000.0000	0.00000
0.54200	2	nan	nan	nan	nan	1000000000.0000	-1000000000.0000	0.00000
0.54200	3	nan	nan	nan	nan	1000000000.0000	-1000000000.0000	0.00000
0.54300	0	nan	nan	nan	nan	1000000000.0000	-1000000000.0000	0.00000
0.54300	1	nan	nan	nan	nan	1000000000.0000	-1000000000.0000	0.00000
0.54300	2	nan	nan	nan	nan	1000000000.0000	-1000000000.0000	0.00000
0.54300	3	nan	nan	nan	nan	1000000000.0000	-1000000000.0000	0.00000
0.54400	0	nan	nan	nan	nan	1000000000.0000	-1000000000.0000	0.00000
0.54400	1	nan	nan	nan	nan	1000000000.0000	-1000000000.0000	0.00000
0.54400	2	nan	nan	nan	nan	1000000000.0000	-1000000000.0000	0.00000
0.54400	3	nan	nan	nan	nan	1000000000.0000	-1000000000.0000	0.00000
0.54500	0	nan	nan	nan	nan	1000000000.0000	-1000000000.0000	0.00000
0.54500	1	nan	nan	nan	nan	1000000000.0000	-1000000000.0000	0.00000
0.54500	2	nan	nan	nan	nan	1000000000.0000	-1000000000.0000	0.00000
0.54500	3	nan	nan	nan	nan	1000000000.0000	-1000000000.0000	0.00000
0.54600	0	nan	nan	nan	nan	1000000000.0000	-1000000000.0000	0.00000
0.54600	1	nan	nan	nan	nan	1000000000.0000	-1000000000.0000	0.00000
0.54600	2	nan	nan	nan	nan	1000000000.0000	-1000000000.0000	0.00000
0.54600	3	nan	nan	nan	nan	1000000000.0000	-1000000000.0000	0.00000
0.54700	0	nan	nan	nan	nan	1000000000.0000	-1000000000.0000	0.00000
0.54700	1	0.00939	-0.07954	-0.47686	-0.54700	-2.5495	1.5940	0.15440
0.54700	2	nan	nan	nan	nan	1000000000.0000	-1000000000.0000	0.00000
0.54700	3	nan	nan	nan	nan	1000000000.0000	-1000000000.0000	0.00000
0.54800	0	nan	nan	nan	nan	1000000000.0000	-1000000000.0000	0.00000
0.54800	1	0.00831	-0.03242	-0.52389	-0.54800	-2.5480	1.5882	0.15960
0.54800	2	nan	nan	nan	nan	1000000000.0000	-1000000000.0000	0.00000
0.54800	3	0.00972	-0.03381	-0.52391	-0.54800	-2.5480	1.5882	0.15960
0.54900	0	nan	nan	nan	nan	1000000000.0000	-1000000000.0000	0.00000
0.54900	1	-0.00637	-0.00573	-0.53690	-0.54900	-2.5468	1.5839	0.16240
0.54900	2	-0.00514	-0.00663	-0.53723	-0.54900	-2.5468	1.5839	0.16220
0.54900	3	-0.00527	-0.00672	-0.53701	-0.54900	-2.5468	1.5839	0.16240
0.55000	0	-0.00649	-0.01274	-0.53078	-0.55000	-2.5454	1.5797	0.10980
0.55000	1	-0.00686	-0.01202	-0.53112	-0.55000	-2.5454	1.5797	0.10960
0.55000	2	-0.00685	-0.01239	-0.53076	-0.55000	-2.5454	1.5797	0.10980
0.55000	3	-0.00609	-0.01259	-0.53132	-0.55000	-2.5454	1.5797	0.10980
0.55100	0	-0.00028	-0.04037	-0.51035	-0.55100	-2.5437	1.5752	0.11120
0.55100	1	0.00017	-0.04076	-0.51041	-0.55100	-2.5437	1.5752	0.11120
0.55100	2	-0.00023	-0.04033	-0.51044	-0.55100	-2.5437	1.5752	0.11120
0.55100	3	-0.00054	-0.03999	-0.51047	-0.55100	-2.5437	1.5752	0.11140
0.55200	0	-0.00066	-0.09816	-0.45318	-0.55200	-2.5414	1.5699	0.11280
0.55200	1	-0.00025	-0.09871	-0.45303	-0.55200	-2.5414	1.5699	0.11260
0.55200	2	-0.00047	-0.09846	-0.45308	-0.55200	-2.5414	1.5699	0.11280
0.55200	3	0.00010	-0.09828	-0.45381	-0.55200	-2.5414	1.5699	0.11260
0.55300	0	-0.04833	-0.06699	-0.43768	-0.55300	-2.5383	1.5635	0.11420
0.55300	1	-0.05645	-0.05587	-0.44068	-0.55300	-2.5383	1.5635	0.11420
0.55300	2	-0.05661	-0.05568	-0.44071	-0.55300	-2.5383	1.5635	0.11420
0.55300	3	-0.05630	-0.05619	-0.44051	-0.55300	-2.5383	1.5635	0.11440
0.55400	0	-0.03856	-0.03925	-0.47619	-0.55400	-2.5345	1.5558	0.11620
0.55400	1	-0.03919	-0.03863	-0.47618	-0.55400	-2.5345	1.5558	0.11620
0.55400	2	-0.03856	-0.03923	-0.47622	-0.55400	-2.5345	1.5558	0.11620
0.55400	3	-0.03941	-0.03882	-0.47576	-0.55400	-2.5345	1.5558	0.11620
0.55500	0	-0.00040	-0.09331	-0.46129	-0.55500	-2.5314	1.5480	0.11780
0.55500	1	-0.00003	-0.09367	-0.46130	-0.55500	-2.5314	1.5480	0.11780
0.55500	2	0.00050	-0.09420	-0.46130	-0.55500	-2.5314	1.5480	0.11780
0.55500	3	-0.00012	-0.09336	-0.46152	-0.55500	-2.5314	1.5480	0.11760
0.55600	0	-0.00032	-0.15889	-0.39679	-0.55600	-2.5293	1.5412	0.11880
0.55600	1	-0.00008	-0.15931	-0.39661	-0.55600	-2.5293	1.5412	0.11880
0.55600	2	-0.00018	-0.15891	-0.39691	-0.55600	-2.5293	1.5412	0.11880
0.55600	3	0.00032	-0.15941	-0.39690	-0.55600	-2.5293	1.5412	0.11900
0.55700	0	0.00045	-0.17168	-0.38577	-0.55700	-2.5281	1.5354	0.12000
0.55700	1	0.00027	-0.17155	-0.38572	-0.55700	-2.5281	1.5354	0.12000
0.55700	2	0.00032	-0.17157	-0.38575	-0.55700	-2.5281	1.5354	0.12000
0.55700	3	-0.00016	-0.17062	-0.38622	-0.55700	-2.5281	1.5354	0.11980
0.55800	0	-0.00026	-0.11285	-0.44489	-0.55800	-2.5275	1.5301	0.12080
0.55800	1	0.00014	-0.11319	-0.44495	-0.55800	-2.5275	1.5301	0.12060
0.55800	2	-0.00029	-0.11274	-0.44497	-0.55800	-2.5275	1.5301	0.12080
0.55800	3	0.00001	-0.11299	-0.44502	-0.55800	-2.5275	1.5301	0.12080
0.55900	0	-0.00028	-0.09459	-0.46413	-0.55900	-2.5271	1.5251	0.12140
0.55900	1	0.00007	-0.09470	-0.46437	-0.55900	-2.5271	1.5251	0.12140
0.55900	2	-0.00034	-0.09457	-0.46409	-0.55900	-2.5271	1.5251	0.12140
0.55900	3	-0.00000	-0.09465	-0.46435	-0.55900	-2.5271	1.5251	0.12140
0.56000	0	-0.00022	-0.09131	-0.46847	-0.56000	-2.5270	1.5202	0.12220
0.56000	1	0.00012	-0.09138	-0.46873	-0.56000	-2.5270	1.5202	0.12220
0.56000	2	-0.00014	-0.09131	-0.46856	-0.56000	-2.5270	1.5202	0.12220
0.56000	3	0.00010	-0.09157	-0.46853	-0.56000	-2.5270	1.5202	0.12220
0.56100	0	-0.00059	-0.10188	-0.45853	-0.56100	-2.5270	1.5152	0.12280
0.56100	1	-0.00043	-0.10219	-0.45839	-0.56100	-2.5270	1.5152	0.12280
0.56100	2	-0.00039	-0.10210	-0.45851	-0.56100	-2.5270	1.5152	0.12280
0.56100	3	0.00021	-0.10290	-0.45831	-0.56100	-2.5270	1.5152	0.12300
0.56200	0	-0.00194	-0.14809	-0.41197	-0.56200	-2.5271	1.5099	0.12380
0.56200	1	-0.00232	-0.14769	-0.41199	-0.56200	-2.5271	1.5099	0.12360
0.56200	2	-0.00204	-0.14779	-0.41217	-0.56200	-2.5271	1.5099	0.12360
0.56200	3	-0.00203	-0.14802	-0.41196	-0.56200	-2.5271	1.5099	0.12380
0.56300	0	0.00001	-0.14428	-0.41873	-0.56300	-2.5271	1.5039	0.12440
0.56300	1	-0.00005	-0.14416	-0.41879	-0.56300	-2.5271	1.5039	0.12460
0.56300	2	0.00035	-0.14440	-0.41895	-0.56300	-2.5271	1.5039	0.12460
0.56300	3	-0.00009	-0.14418	-0.41874	-0.56300	-2.5271	1.5039	0.12440
0.56400	0	0.07327	-0.00062	-0.63665	-0.56400	-2.5242	1.4819	0.14520
0.56400	1	0.07856	-0.00033	-0.64223	-0.56400	-2.5241	1.4817	0.14720
0.56400	2	0.00032	-0.04240	-0.52192	-0.56400	-2.5267	1.4955	0.12560
0.56400	3	0.07317	-0.00007	-0.63710	-0.56400	-2.5240	1.4813	0.14460
0.56500	0	0.07622	-0.00008	-0.64114	-0.56500	-2.5193	1.4754	0.14720
0.56500	1	0.07281	-0.00131	-0.63650	-0.56500	-2.5191	1.4751	0.14740
0.56500	2	0.07385	0.00006	-0.63891	-0.56500	-2.5193	1.4755	0.14680
0.56500	3	0.07348	-0.00055	-0.63792	-0.56500	-2.5193	1.4754	0.14740
0.56600	0	0.06961	0.00054	-0.63616	-0.56600	-2.5157	1.4695	0.14940
0.56600	1	0.07455	0.00083	-0.64139	-0.56600	-2.5156	1.4694	0.14880
0.56600	2	0.07251	-0.00069	-0.63782	-0.56600	-2.5156	1.4695	0.14960
0.56600	3	0.06974	0.00024	-0.63599	-0.56600	-2.5155	1.4695	0.14900
0.56700	0	0.07551	0.00014	-0.64265	-0.56700	-2.5143	1.4635	0.14920
0.56700	1	0.07284	0.00048	-0.64032	-0.56700	-2.5143	1.4633	0.14880
0.56700	2	0.07388	0.00040	-0.64128	-0.56700	-2.5142	1.4633	0.14980
0.56700	3	0.07248	-0.00032	-0.63916	-0.56700	-2.5142	1.4633	0.14760
0.56800	0	0.07668	0.00036	-0.64504	-0.56800	-2.5129	1.4574	0.14980
0.56800	1	0.07472	-0.00004	-0.64268	-0.56800	-2.5127	1.4576	0.15020
0.56800	2	0.07405	0.00009	-0.64214	-0.56800	-2.5129	1.4576	0.15020
0.56800	3	0.07587	0.00022	-0.64409	-0.56800	-2.5128	1.4576	0.15020
0.56900	0	0.07175	-0.00003	-0.64073	-0.56900	-2.5115	1.4517	0.15040
0.56900	1	0.06761	0.00006	-0.63667	-0.56900	-2.5114	1.4517	0.15040
0.56900	2	0.06644	-0.00019	-0.63525	-0.56900	-2.5114	1.4515	0.15080
0.56900	3	0.06919	0.00078	-0.63898	-0.56900	-2.5115	1.4517	0.15060
0.57000	0	0.02141	-0.04345	-0.54796	-0.57000	-2.5101	1.4457	0.15160
0.57000	1	-0.00010	-0.06243	-0.50747	-0.57000	-2.4211	1.3178	0.15220
0.57000	2	0.03678	-0.02814	-0.57864	-0.57000	-2.5098	1.4458	0.15160
0.57000	3	0.00744	-0.05668	-0.52076	-0.57000	-2.5094	1.4447	0.15200
0.57100	0	0.00504	-0.00354	-0.57249	-0.57100	-2.4893	1.4209	0.15200
0.57100	1	0.00065	-0.00328	-0.56837	-0.57100	-2.4258	1.3222	0.15180
0.57100	2	0.03647	-0.00238	-0.60509	-0.57100	-2.5086	1.4383	0.15140
0.57100	3	-0.00001	-0.00247	-0.56852	-0.57100	-2.4253	1.3215	0.15200
0.57200	0	0.00052	-0.00234	-0.57018	-0.57200	-2.4301	1.3259	0.15180
0.57200	1	0.00094	-0.00022	-0.57272	-0.57200	-2.5036	1.4332	0.15180
0.57200	2	0.00717	-0.00219	-0.57699	-0.57200	-2.4948	1.4241	0.15180
0.57200	3	0.00115	-0.00293	-0.57022	-0.57200	-2.4302	1.3259	0.15200
0.57300	0	0.01530	0.00233	-0.59063	-0.57300	-2.4922	1.3818	0.15200
0.57300	1	0.01331	0.00022	-0.58653	-0.57300	-2.4997	1.4253	0.15180
0.57300	2	0.01257	-0.00078	-0.58479	-0.57300	-2.4344	1.3293	0.15200
0.57300	3	0.02171	-0.00120	-0.59352	-0.57300	-2.5059	1.4281	0.15200
0.57400	0	0.03893	0.00049	-0.61342	-0.57400	-2.5045	1.4222	0.15160
0.57400	1	0.06235	-0.00012	-0.63624	-0.57400	-2.5046	1.4223	0.15100
0.57400	2	0.04930	-0.00091	-0.62238	-0.57400	-2.5045	1.4223	0.15160
0.57400	3	0.03613	-0.00023	-0.60990	-0.57400	-2.5030	1.4214	0.15200
0.57500	0	0.05061	-0.00041	-0.62520	-0.57500	-2.5031	1.4166	0.14900
0.57500	1	0.05372	0.00060	-0.62932	-0.57500	-2.5031	1.4166	0.15100
0.57500	2	0.05824	0.00095	-0.63419	-0.57500	-2.5032	1.4166	0.14940
0.57500	3	0.05505	-0.00016	-0.62989	-0.57500	-2.5032	1.4164	0.15120
0.57600	0	0.05757	0.00084	-0.63441	-0.57600	-2.5018	1.4107	0.15200
0.57600	1	0.05003	-0.00085	-0.62518	-0.57600	-2.5018	1.4110	0.15160
0.57600	2	0.05468	0.00003	-0.63071	-0.57600	-2.5018	1.4110	0.15200
0.57600	3	0.06249	-0.00106	-0.63743	-0.57600	-2.5017	1.4108	0.15200
0.57700	0	0.05821	-0.00001	-0.63519	-0.57700	-2.5003	1.4053	0.15220
0.57700	1	0.05258	0.00062	-0.63020	-0.57700	-2.5004	1.4053	0.15240
0.57700	2	0.06176	0.00019	-0.63895	-0.57700	-2.5002	1.4050	0.15240
0.57700	3	0.05042	-0.00161	-0.62581	-0.57700	-2.5004	1.4052	0.15200
0.57800	0	0.06591	0.00005	-0.64396	-0.57800	-2.4991	1.3995	0.15240
0.57800	1	0.05890	-0.00021	-0.63669	-0.57800	-2.4991	1.3995	0.15220
0.57800	2	0.06351	-0.00018	-0.64132	-0.57800	-2.4991	1.3995	0.15240
0.57800	3	0.05693	0.00081	-0.63573	-0.57800	-2.4991	1.3993	0.15240
0.57900	0	0.05057	-0.00024	-0.62933	-0.57900	-2.4977	1.3939	0.15200
0.57900	1	0.06037	0.00101	-0.64038	-0.57900	-2.4976	1.3938	0.15240
0.57900	2	0.06425	-0.00075	-0.64250	-0.57900	-2.4976	1.3938	0.15220
0.57900	3	0.05647	-0.00092	-0.63455	-0.57900	-2.4976	1.3936	0.15240
0.58000	0	0.05351	0.00046	-0.63397	-0.58000	-2.4963	1.3880	0.15240
0.58000	1	0.05298	0.00057	-0.63355	-0.58000	-2.4963	1.3882	0.15240
0.58000	2	0.05793	-0.00061	-0.63732	-0.58000	-2.4963	1.3882	0.15220
0.58000	3	0.05569	0.00018	-0.63587	-0.58000	-2.4963	1.3882	0.15240
0.58100	0	0.05239	0.00029	-0.63369	-0.58100	-2.4946	1.3823	0.15280
0.58100	1	0.04450	-0.00033	-0.62517	-0.58100	-2.4949	1.3823	0.15240
0.58100	2	0.05089	0.00052	-0.63242	-0.58100	-2.4948	1.3825	0.15240
0.58100	3	0.05044	-0.00013	-0.63131	-0.58100	-2.4948	1.3824	0.15240
0.58200	0	0.04044	0.00068	-0.62312	-0.58200	-2.4935	1.3767	0.15260
0.58200	1	0.04461	0.00062	-0.62722	-0.58200	-2.4920	1.3769	0.15240
0.58200	2	0.05397	-0.00057	-0.63540	-0.58200	-2.4935	1.3766	0.15280
0.58200	3	0.05275	0.00035	-0.63509	-0.58200	-2.4930	1.3767	0.15300
0.58300	0	0.04587	-0.00048	-0.62839	-0.58300	-2.4920	1.3704	0.15260
0.58300	1	0.04312	-0.00012	-0.62601	-0.58300	-2.4922	1.3712	0.15260
0.58300	2	0.04525	-0.00074	-0.62751	-0.58300	-2.4922	1.3711	0.15260
0.58300	3	0.03815	0.00063	-0.62178	-0.58300	-2.4918	1.3712	0.15260
0.58400	0	0.01859	0.00004	-0.60263	-0.58400	-2.4627	1.3347	0.15200
0.58400	1	0.01935	-0.00138	-0.60197	-0.58400	-2.4627	1.3347	0.15180
0.58400	2	0.01936	-0.00010	-0.60326	-0.58400	-2.4627	1.3346	0.15180
0.58400	3	0.01812	0.00035	-0.60247	-0.58400	-2.4627	1.3346	0.15200
0.58500	0	0.01328	-0.00105	-0.59723	-0.58500	-2.4640	1.3329	0.15160
0.58500	1	0.01398	0.00024	-0.59922	-0.58500	-2.4640	1.3328	0.15180
0.58500	2	0.01220	-0.00034	-0.59686	-0.58500	-2.4640	1.3329	0.15160
0.58500	3	0.01410	-0.00161	-0.59750	-0.58500	-2.4687	1.3387	0.15160
0.58600	0	0.00384	-0.00173	-0.58811	-0.58600	-2.4651	1.3308	0.15180
0.58600	1	0.00504	-0.00357	-0.58746	-0.58600	-2.4651	1.3308	0.15160
0.58600	2	0.00568	-0.00450	-0.58718	-0.58600	-2.4651	1.3308	0.15160
0.58600	3	0.00480	-0.00262	-0.58818	-0.58600	-2.4651	1.3308	0.15160
0.58700	0	0.00022	-0.00056	-0.58667	-0.58700	-2.4659	1.3282	0.15180
0.58700	1	0.00580	-0.00101	-0.59179	-0.58700	-2.4865	1.3434	0.15180
0.58700	2	0.00018	-0.00075	-0.58644	-0.58700	-2.4659	1.3282	0.15180
0.58700	3	0.00030	-0.00066	-0.58665	-0.58700	-2.4656	1.3278	0.15180
0.58800	0	-0.00037	-0.05152	-0.53611	-0.58800	-2.4668	1.3258	0.15160
0.58800	1	-0.00005	-0.05167	-0.53628	-0.58800	-2.4668	1.3258	0.15160
0.58800	2	0.00059	-0.04834	-0.54025	-0.58800	-2.4668	1.3258	0.15180
0.58800	3	0.00026	-0.05162	-0.53664	-0.58800	-2.4668	1.3258	0.15160
0.58900	0	-0.00040	-0.00395	-0.58465	-0.58900	-2.4664	1.3215	0.15160
0.58900	1	0.00049	-0.00499	-0.58451	-0.58900	-2.4665	1.3216	0.15160
0.58900	2	0.00013	-0.00342	-0.58571	-0.58900	-2.4664	1.3214	0.15160
0.58900	3	0.00038	-0.00444	-0.58494	-0.58900	-2.4664	1.3214	0.15160
0.59000	0	0.00007	-0.00463	-0.58544	-0.59000	-2.4649	1.3158	0.15160
0.59000	1	0.00004	-0.00496	-0.58508	-0.59000	-2.4650	1.3160	0.15160
0.59000	2	0.00000	-0.00466	-0.58534	-0.59000	-2.4648	1.3158	0.15160
0.59000	3	-0.00015	-0.00455	-0.58530	-0.59000	-2.4653	1.3164	0.15140
0.59100	0	0.00009	-0.01301	-0.57808	-0.59100	-2.4658	1.3132	0.15160
0.59100	1	-0.00002	-0.01270	-0.57828	-0.59100	-2.4658	1.3132	0.15160
0.59100	2	-0.00000	-0.01273	-0.57827	-0.59100	-2.4658	1.3132	0.15180
0.59100	3	0.00002	-0.01298	-0.57804	-0.59100	-2.4658	1.3132	0.15160
0.59200	0	-0.00017	-0.02348	-0.56835	-0.59200	-2.4669	1.3109	0.15160
0.59200	1	-0.00012	-0.02330	-0.56857	-0.59200	-2.4669	1.3109	0.15160
0.59200	2	-0.00008	-0.02337	-0.56855	-0.59200	-2.4669	1.3109	0.15160
0.59200	3	-0.00016	-0.02351	-0.56833	-0.59200	-2.4669	1.3109	0.15180
0.59300	0	-0.00014	-0.03858	-0.55428	-0.59300	-2.4678	1.3081	0.15180
0.59300	1	0.00016	-0.03846	-0.55469	-0.59300	-2.4678	1.3081	0.15180
0.59300	2	-0.00008	-0.03826	-0.55467	-0.59300	-2.4678	1.3081	0.15180
0.59300	3	0.00010	-0.03882	-0.55428	-0.59300	-2.4678	1.3081	0.15160
0.59400	0	0.00018	-0.06442	-0.52976	-0.59400	-2.4683	1.3048	0.15200
0.59400	1	0.00028	-0.06481	-0.52947	-0.59400	-2.4683	1.3048	0.15200
0.59400	2	-0.00010	-0.06426	-0.52964	-0.59400	-2.4683	1.3048	0.15180
0.59400	3	-0.00007	-0.06464	-0.52929	-0.59400	-2.4683	1.3048	0.15200
0.59500	0	-0.00015	-0.13534	-0.45951	-0.59500	-2.4684	1.3009	0.15200
0.59500	1	-0.00004	-0.13640	-0.45856	-0.59500	-2.4684	1.3009	0.15200
0.59500	2	0.00006	-0.13712	-0.45794	-0.59500	-2.4684	1.3009	0.15180
0.59500	3	-0.00009	-0.13533	-0.45957	-0.59500	-2.4684	1.3009	0.15200
0.59600	0	0.00007	-0.06260	-0.53346	-0.59600	-2.4679	1.2964	0.15220
0.59600	1	0.00012	-0.06245	-0.53367	-0.59600	-2.4679	1.2964	0.15220
0.59600	2	0.00002	-0.06211	-0.53392	-0.59600	-2.4679	1.2964	0.15200
0.59600	3	0.00004	-0.06215	-0.53389	-0.59600	-2.4679	1.2964	0.15220
0.59700	0	-0.00003	-0.04327	-0.55371	-0.59700	-2.4668	1.2913	0.15220
0.59700	1	0.00015	-0.04283	-0.55432	-0.59700	-2.4668	1.2913	0.15220
0.59700	2	0.00013	-0.04326	-0.55386	-0.59700	-2.4668	1.2913	0.15220
0.59700	3	0.00013	-0.04317	-0.55396	-0.59700	-2.4668	1.2913	0.15240
0.59800	0	-0.00478	-0.02115	-0.57207	-0.59800	-2.4647	1.2852	0.15240
0.59800	1	-0.00449	-0.02093	-0.57257	-0.59800	-2.4647	1.2852	0.15240
0.59800	2	-0.00482	-0.02108	-0.57210	-0.59800	-2.4647	1.2852	0.15240
0.59800	3	-0.00002	-0.02178	-0.57621	-0.59800	-2.4709	1.2852	0.15260
0.59900	0	0.01106	-0.00189	-0.60817	-0.59900	-2.4680	1.2835	0.15300
0.59900	1	0.01045	-0.00160	-0.60785	-0.59900	-2.4697	1.2837	0.15300
0.59900	2	0.00786	-0.00119	-0.60567	-0.59900	-2.4700	1.2836	0.15300
0.59900	3	0.01028	-0.00223	-0.60705	-0.59900	-2.4704	1.2836	0.15300
0.60000	0	0.03737	-0.00030	-0.63707	-0.60000	-2.4692	1.2784	0.15400
0.60000	1	0.04158	0.00001	-0.64159	-0.60000	-2.4692	1.2781	0.15400
0.60000	2	0.03452	0.00127	-0.63579	-0.60000	-2.4692	1.2784	0.15400
0.60000	3	0.02582	0.00139	-0.62721	-0.60000	-2.4692	1.2785	0.15380
0.60100	0	0.04624	0.00005	-0.64729	-0.60100	-2.4678	1.2731	0.15420
0.60100	1	0.04522	-0.00045	-0.64577	-0.60100	-2.4677	1.2732	0.15400
0.60100	2	0.05180	0.00034	-0.65314	-0.60100	-2.4675	1.2732	0.15440
0.60100	3	0.04652	-0.00002	-0.64750	-0.60100	-2.4679	1.2730	0.15420
0.60200	0	0.04335	0.00053	-0.64589	-0.60200	-2.4665	1.2679	0.15420
0.60200	1	0.04468	0.00009	-0.64677	-0.60200	-2.4665	1.2679	0.15420
0.60200	2	0.04501	-0.00057	-0.64644	-0.60200	-2.4665	1.2679	0.15420
0.60200	3	0.05093	0.00040	-0.65334	-0.60200	-2.4666	1.2678	0.15440
0.60300	0	0.05791	0.00043	-0.66134	-0.60300	-2.4652	1.2627	0.15480
0.60300	1	0.05626	-0.00043	-0.65883	-0.60300	-2.4652	1.2625	0.15460
0.60300	2	0.05262	0.00005	-0.65568	-0.60300	-2.4653	1.2626	0.15440
0.60300	3	0.05316	-0.00036	-0.65580	-0.60300	-2.4650	1.2626	0.15440
0.60400	0	0.05335	0.00002	-0.65737	-0.60400	-2.4638	1.2573	0.15460
0.60400	1	0.05205	-0.00035	-0.65570	-0.60400	-2.4639	1.2574	0.15460
0.60400	2	0.05501	-0.00046	-0.65855	-0.60400	-2.4638	1.2573	0.15460
0.60400	3	0.05371	0.00012	-0.65782	-0.60400	-2.4639	1.2574	0.15460
0.60500	0	0.05219	0.00049	-0.65768	-0.60500	-2.4626	1.2522	0.15460
0.60500	1	0.05373	-0.00029	-0.65844	-0.60500	-2.4626	1.2522	0.15460
0.60500	2	0.05529	-0.00014	-0.66015	-0.60500	-2.4626	1.2520	0.15480
0.60500	3	0.05384	0.00024	-0.65907	-0.60500	-2.4626	1.2521	0.15460
0.60600	0	0.05906	0.00007	-0.66513	-0.60600	-2.4613	1.2468	0.15480
0.60600	1	0.05699	-0.00020	-0.66279	-0.60600	-2.4612	1.2470	0.15480
0.60600	2	0.05779	-0.00021	-0.66358	-0.60600	-2.4613	1.2469	0.15480
0.60600	3	0.05219	0.00043	-0.65862	-0.60600	-2.4613	1.2470	0.15480
0.60700	0	0.05294	0.00008	-0.66002	-0.60700	-2.4598	1.2418	0.15480
0.60700	1	0.05704	-0.00020	-0.66384	-0.60700	-2.4599	1.2418	0.15480
0.60700	2	0.05228	0.00065	-0.65993	-0.60700	-2.4599	1.2418	0.15480
0.60700	3	0.05773	-0.00039	-0.66434	-0.60700	-2.4599	1.2418	0.15460
0.60800	0	0.05568	-0.00030	-0.66338	-0.60800	-2.4586	1.2365	0.15480
0.60800	1	0.05860	-0.00002	-0.66658	-0.60800	-2.4585	1.2366	0.15480
0.60800	2	0.05295	-0.00034	-0.66061	-0.60800	-2.4585	1.2366	0.15480
0.60800	3	0.05390	-0.00028	-0.66162	-0.60800	-2.4586	1.2366	0.15480
0.60900	0	0.05353	-0.00028	-0.66224	-0.60900	-2.4572	1.2315	0.15480
0.60900	1	0.05744	0.00024	-0.66668	-0.60900	-2.4573	1.2315	0.15500
0.60900	2	0.05566	-0.00003	-0.66463	-0.60900	-2.4573	1.2315	0.15480
0.60900	3	0.05375	0.00008	-0.66283	-0.60900	-2.4573	1.2314	0.15480
0.61000	0	0.05190	0.00021	-0.66211	-0.61000	-2.4559	1.2263	0.15480
0.61000	1	0.04315	-0.00017	-0.65299	-0.61000	-2.4559	1.2263	0.15480
0.61000	2	0.04501	-0.00084	-0.65417	-0.61000	-2.4559	1.2263	0.15480
0.61000	3	0.04969	-0.00015	-0.65954	-0.61000	-2.4559	1.2263	0.15480
0.61100	0	0.05498	-0.00008	-0.66591	-0.61100	-2.4546	1.2211	0.15500
0.61100	1	0.05208	-0.00003	-0.66305	-0.61100	-2.4546	1.2212	0.15500
0.61100	2	0.05451	-0.00011	-0.66539	-0.61100	-2.4546	1.2212	0.15500
0.61100	3	0.05632	-0.00080	-0.66652	-0.61100	-2.4546	1.2212	0.15500
0.61200	0	0.05010	0.00022	-0.66232	-0.61200	-2.4533	1.2161	0.15520
0.61200	1	0.05253	-0.00009	-0.66445	-0.61200	-2.4533	1.2160	0.15520
0.61200	2	0.04904	-0.00089	-0.66015	-0.61200	-2.4533	1.2161	0.15500
0.61200	3	0.04746	-0.00020	-0.65927	-0.61200	-2.4533	1.2161	0.15500
0.61300	0	0.04551	-0.00064	-0.65787	-0.61300	-2.4520	1.2110	0.15500
0.61300	1	0.04738	0.00016	-0.66054	-0.61300	-2.4520	1.2109	0.15520
0.61300	2	0.04398	0.00057	-0.65755	-0.61300	-2.4519	1.2110	0.15500
0.61300	3	0.05072	-0.00040	-0.66332	-0.61300	-2.4520	1.2110	0.15500
0.61400	0	-0.00014	-0.01366	-0.60019	-0.61400	-2.4497	1.2059	0.15480
0.61400	1	0.00019	-0.01385	-0.60034	-0.61400	-2.4497	1.2059	0.15500
0.61400	2	-0.00004	-0.01460	-0.59936	-0.61400	-2.4497	1.2059	0.15500
0.61400	3	-0.00015	-0.01453	-0.59932	-0.61400	-2.4497	1.2059	0.15480
0.61500	0	0.05138	-0.00019	-0.66620	-0.61500	-2.4493	1.2008	0.15540
0.61500	1	0.05251	-0.00023	-0.66728	-0.61500	-2.4493	1.2009	0.15540
0.61500	2	0.05649	0.00043	-0.67191	-0.61500	-2.4493	1.2009	0.15540
0.61500	3	0.04995	0.00016	-0.66511	-0.61500	-2.4493	1.2009	0.15540
0.61600	0	0.05090	-0.00020	-0.66670	-0.61600	-2.4480	1.1958	0.15540
0.61600	1	0.05288	0.00057	-0.66946	-0.61600	-2.4480	1.1958	0.15540
0.61600	2	0.04594	0.00011	-0.66204	-0.61600	-2.4480	1.1958	0.15540
0.61600	3	0.04903	0.00035	-0.66538	-0.61600	-2.4480	1.1958	0.15540
0.61700	0	0.05390	0.00007	-0.67096	-0.61700	-2.4467	1.1908	0.15540
0.61700	1	0.05582	0.00002	-0.67284	-0.61700	-2.4467	1.1907	0.15560
0.61700	2	0.05280	0.00014	-0.66994	-0.61700	-2.4467	1.1908	0.15540
0.61700	3	0.05089	-0.00016	-0.66773	-0.61700	-2.4467	1.1908	0.15540
0.61800	0	0.04748	0.00003	-0.66551	-0.61800	-2.4454	1.1858	0.15560
0.61800	1	0.05017	-0.00032	-0.66785	-0.61800	-2.4454	1.1858	0.15560
0.61800	2	0.04676	0.00010	-0.66486	-0.61800	-2.4454	1.1858	0.15560
0.61800	3	0.04588	-0.00029	-0.66360	-0.61800	-2.4454	1.1858	0.15540
0.61900	0	0.05306	0.00009	-0.67215	-0.61900	-2.4441	1.1808	0.15540
0.61900	1	0.05251	0.00004	-0.67155	-0.61900	-2.4441	1.1808	0.15560
0.61900	2	0.05527	0.00000	-0.67427	-0.61900	-2.4440	1.1808	0.15560
0.61900	3	0.05214	-0.00029	-0.67085	-0.61900	-2.4441	1.1808	0.15540
0.62000	0	0.05273	0.00011	-0.67284	-0.62000	-2.4428	1.1758	0.15560
0.62000	1	0.05074	0.00026	-0.67100	-0.62000	-2.4428	1.1758	0.15560
0.62000	2	0.05110	0.00033	-0.67143	-0.62000	-2.4428	1.1758	0.15560
0.62000	3	0.05289	0.00006	-0.67295	-0.62000	-2.4428	1.1757	0.15560
0.62100	0	0.04881	0.00023	-0.67004	-0.62100	-2.4415	1.1709	0.15560
0.62100	1	0.05023	0.00023	-0.67146	-0.62100	-2.4415	1.1706	0.15560
0.62100	2	0.05037	0.00010	-0.67147	-0.62100	-2.4414	1.1709	0.15560
0.62100	3	0.05124	0.00002	-0.67226	-0.62100	-2.4415	1.1709	0.15560
0.62200	0	0.04743	0.00013	-0.66956	-0.62200	-2.4402	1.1659	0.15560
0.62200	1	0.04831	0.00018	-0.67049	-0.62200	-2.4401	1.1659	0.15560
0.62200	2	0.04894	0.00019	-0.67113	-0.62200	-2.4402	1.1659	0.15560
0.62200	3	0.04979	-0.00004	-0.67175	-0.62200	-2.4402	1.1659	0.15540
0.62300	0	0.04213	0.00008	-0.66522	-0.62300	-2.4389	1.1610	0.15540
0.62300	1	0.04333	0.00024	-0.66657	-0.62300	-2.4389	1.1610	0.15540
0.62300	2	0.04566	0.00030	-0.66896	-0.62300	-2.4388	1.1610	0.15540
0.62300	3	0.04349	0.00050	-0.66699	-0.62300	-2.4389	1.1610	0.15540
0.62400	0	0.04548	-0.00050	-0.66898	-0.62400	-2.4376	1.1561	0.15540
0.62400	1	0.04390	0.00044	-0.66834	-0.62400	-2.4375	1.1561	0.15540
0.62400	2	0.04537	-0.00011	-0.66926	-0.62400	-2.4376	1.1561	0.15540
0.62400	3	0.04518	0.00016	-0.66934	-0.62400	-2.4375	1.1561	0.15540
0.62500	0	0.03411	0.00010	-0.65921	-0.62500	-2.4363	1.1512	0.15560
0.62500	1	0.03917	0.00011	-0.66428	-0.62500	-2.4363	1.1512	0.15560
0.62500	2	0.03898	0.00010	-0.66409	-0.62500	-2.4362	1.1512	0.15540
0.62500	3	0.03521	0.00014	-0.66035	-0.62500	-2.4363	1.1512	0.15540
0.62600	0	0.04264	-0.00002	-0.66862	-0.62600	-2.4349	1.1463	0.15540
0.62600	1	0.04233	0.00016	-0.66849	-0.62600	-2.4350	1.1463	0.15540
0.62600	2	0.04548	-0.00001	-0.67148	-0.62600	-2.4348	1.1463	0.15540
0.62600	3	0.04333	0.00015	-0.66948	-0.62600	-2.4350	1.1463	0.15540
0.62700	0	0.03934	-0.00133	-0.66501	-0.62700	-2.4337	1.1415	0.15540
0.62700	1	0.04165	-0.00047	-0.66818	-0.62700	-2.4337	1.1414	0.15540
0.62700	2	0.04198	0.00006	-0.66904	-0.62700	-2.4337	1.1414	0.15540
0.62700	3	0.04152	-0.00004	-0.66847	-0.62700	-2.4337	1.1415	0.15540
0.62800	0	0.03916	0.00005	-0.66721	-0.62800	-2.4324	1.1366	0.15540
0.62800	1	0.03848	-0.00005	-0.66643	-0.62800	-2.4324	1.1366	0.15540
0.62800	2	0.04019	-0.00009	-0.66810	-0.62800	-2.4324	1.1365	0.15540
0.62800	3	0.04011	-0.00000	-0.66811	-0.62800	-2.4323	1.1366	0.15520
0.62900	0	0.03484	0.00031	-0.66415	-0.62900	-2.4311	1.1318	0.15540
0.62900	1	0.03346	0.00018	-0.66264	-0.62900	-2.4311	1.1318	0.15540
0.62900	2	0.03507	-0.00005	-0.66402	-0.62900	-2.4311	1.1318	0.15540
0.62900	3	0.03846	0.00004	-0.66750	-0.62900	-2.4311	1.1317	0.15540
0.63000	0	0.03509	0.00013	-0.66522	-0.63000	-2.4297	1.1270	0.15540
0.63000	1	0.03434	-0.00010	-0.66424	-0.63000	-2.4298	1.1270	0.15540
0.63000	2	0.03737	0.00003	-0.66740	-0.63000	-2.4298	1.1270	0.15540
0.63000	3	0.03689	0.00010	-0.66700	-0.63000	-2.4298	1.1270	0.15540
0.63100	0	0.01124	0.00031	-0.64255	-0.63100	-2.4285	1.1222	0.15560
0.63100	1	0.01032	-0.00095	-0.64036	-0.63100	-2.4285	1.1222	0.15560
0.63100	2	0.01017	-0.00015	-0.64103	-0.63100	-2.4285	1.1222	0.15560
0.63100	3	0.01116	-0.00002	-0.64214	-0.63100	-2.4285	1.1222	0.15540
0.63200	0	0.00009	-0.00300	-0.62909	-0.63200	-2.4248	1.1171	0.15560
0.63200	1	-0.00006	-0.00238	-0.62956	-0.63200	-2.4248	1.1171	0.15560
0.63200	2	0.00015	-0.00294	-0.62921	-0.63200	-2.4243	1.1169	0.15560
0.63200	3	-0.00022	-0.00270	-0.62908	-0.63200	-2.4245	1.1169	0.15560
0.63300	0	0.02639	0.00013	-0.65952	-0.63300	-2.4259	1.1125	0.15540
0.63300	1	0.02421	-0.00009	-0.65711	-0.63300	-2.4259	1.1125	0.15540
0.63300	2	0.02820	-0.00004	-0.66116	-0.63300	-2.4259	1.1125	0.15540
0.63300	3	0.02596	0.00034	-0.65930	-0.63300	-2.4259	1.1125	0.15540
0.63400	0	0.03042	-0.00023	-0.66419	-0.63400	-2.4246	1.1078	0.15540
0.63400	1	0.03093	-0.00012	-0.66482	-0.63400	-2.4246	1.1078	0.15540
0.63400	2	0.03034	-0.00052	-0.66382	-0.63400	-2.4245	1.1078	0.15540
0.63400	3	0.03237	0.00003	-0.66640	-0.63400	-2.4246	1.1078	0.15520
0.63500	0	0.02456	-0.00007	-0.65949	-0.63500	-2.4233	1.1030	0.15540
0.63500	1	0.02203	-0.00036	-0.65667	-0.63500	-2.4233	1.1030	0.15540
0.63500	2	0.02443	0.00050	-0.65993	-0.63500	-2.4233	1.1030	0.15540
0.63500	3	0.02394	-0.00011	-0.65882	-0.63500	-2.4233	1.1030	0.15540
0.63600	0	0.00254	-0.00267	-0.63588	-0.63600	-2.4219	1.0982	0.15540
0.63600	1	-0.00020	-0.00285	-0.63296	-0.63600	-2.4202	1.0982	0.15540
0.63600	2	0.00005	-0.00239	-0.63366	-0.63600	-2.4202	1.0982	0.15540
0.63600	3	-0.00016	-0.00287	-0.63298	-0.63600	-2.4202	1.0982	0.15540
0.63700	0	0.02921	-0.00005	-0.66616	-0.63700	-2.4207	1.0936	0.15540
0.63700	1	0.02907	0.00016	-0.66622	-0.63700	-2.4207	1.0936	0.15540
0.63700	2	0.02640	0.00034	-0.66374	-0.63700	-2.4207	1.0936	0.15540
0.63700	3	0.02691	0.00020	-0.66410	-0.63700	-2.4207	1.0936	0.15540
0.63800	0	0.02505	-0.00004	-0.66301	-0.63800	-2.4194	1.0889	0.15540
0.63800	1	0.02303	0.00001	-0.66104	-0.63800	-2.4194	1.0889	0.15540
0.63800	2	0.02624	0.00001	-0.66425	-0.63800	-2.4194	1.0889	0.15540
0.63800	3	0.02476	0.00002	-0.66278	-0.63800	-2.4194	1.0889	0.15540
0.63900	0	0.01840	-0.00017	-0.65724	-0.63900	-2.4182	1.0842	0.15540
0.63900	1	0.01840	0.00007	-0.65747	-0.63900	-2.4182	1.0842	0.15540
0.63900	2	0.01799	-0.00006	-0.65693	-0.63900	-2.4182	1.0842	0.15540
0.63900	3	0.01834	0.00021	-0.65755	-0.63900	-2.4182	1.0842	0.15540
0.64000	0	0.01460	0.00010	-0.65470	-0.64000	-2.4169	1.0796	0.15540
0.64000	1	0.01074	-0.00124	-0.64950	-0.64000	-2.4167	1.0796	0.15540
0.64000	2	0.01479	0.00021	-0.65499	-0.64000	-2.4169	1.0796	0.15540
0.64000	3	0.01296	-0.00057	-0.65238	-0.64000	-2.4169	1.0796	0.15540
0.64100	0	0.00008	-0.00172	-0.63936	-0.64100	-2.4156	1.0749	0.15540
0.64100	1	-0.00111	0.00003	-0.63991	-0.64100	-2.4156	1.0749	0.15540
0.64100	2	0.00011	-0.00183	-0.63928	-0.64100	-2.4156	1.0749	0.15540
0.64100	3	-0.00054	-0.00069	-0.63978	-0.64100	-2.4156	1.0749	0.15540
0.64200	0	0.00008	-0.01549	-0.62659	-0.64200	-2.4135	1.0702	0.15540
0.64200	1	-0.00009	-0.01544	-0.62646	-0.64200	-2.4135	1.0702	0.15540
0.64200	2	0.00008	-0.01606	-0.62602	-0.64200	-2.4135	1.0702	0.15560
0.64200	3	-0.00002	-0.01551	-0.62647	-0.64200	-2.4135	1.0702	0.15540
0.64300	0	0.00005	-0.00520	-0.63784	-0.64300	-2.4097	1.0648	0.15540
0.64300	1	-0.00023	-0.00578	-0.63699	-0.64300	-2.4098	1.0649	0.15560
0.64300	2	-0.00006	-0.00527	-0.63767	-0.64300	-2.4097	1.0648	0.15560
0.64300	3	-0.00019	-0.00505	-0.63776	-0.64300	-2.4097	1.0648	0.15540
0.64400	0	-0.00000	-0.00752	-0.63648	-0.64400	-2.4062	1.0585	0.15560
0.64400	1	-0.00013	-0.00778	-0.63609	-0.64400	-2.4062	1.0585	0.15560
0.64400	2	0.00015	-0.00795	-0.63620	-0.64400	-2.4062	1.0585	0.15560
0.64400	3	0.00014	-0.00734	-0.63680	-0.64400	-2.4062	1.0585	0.15540
0.64500	0	0.00009	-0.01994	-0.62515	-0.64500	-2.4061	1.0549	0.15560
0.64500	1	-0.00007	-0.02016	-0.62476	-0.64500	-2.4061	1.0549	0.15560
0.64500	2	0.00020	-0.01989	-0.62531	-0.64500	-2.4061	1.0549	0.15560
0.64500	3	0.00001	-0.01987	-0.62514	-0.64500	-2.4061	1.0549	0.15540
0.64600	0	0.00017	-0.03688	-0.60929	-0.64600	-2.4060	1.0511	0.15560
0.64600	1	-0.00004	-0.03710	-0.60886	-0.64600	-2.4060	1.0511	0.15560
0.64600	2	0.00013	-0.03664	-0.60950	-0.64600	-2.4060	1.0511	0.15560
0.64600	3	-0.00002	-0.03653	-0.60945	-0.64600	-2.4060	1.0511	0.15560
0.64700	0	0.00016	-0.06390	-0.58326	-0.64700	-2.4057	1.0471	0.15560
0.64700	1	-0.00010	-0.06430	-0.58260	-0.64700	-2.4057	1.0471	0.15560
0.64700	2	0.00008	-0.06380	-0.58329	-0.64700	-2.4057	1.0471	0.15560
0.64700	3	0.00002	-0.06385	-0.58317	-0.64700	-2.4057	1.0471	0.15560
0.64800	0	0.00006	-0.15987	-0.48819	-0.64800	-2.4053	1.0428	0.15560
0.64800	1	-0.00004	-0.16063	-0.48732	-0.64800	-2.4053	1.0428	0.15560
0.64800	2	-0.00000	-0.15997	-0.48803	-0.64800	-2.4053	1.0428	0.15560
0.64800	3	0.00007	-0.16029	-0.48777	-0.64800	-2.4053	1.0428	0.15560
0.64900	0	0.00006	-0.06845	-0.58062	-0.64900	-2.4048	1.0381	0.15560
0.64900	1	-0.00008	-0.06883	-0.58009	-0.64900	-2.4048	1.0381	0.15560
0.64900	2	0.00001	-0.06833	-0.58067	-0.64900	-2.4048	1.0381	0.15560
0.64900	3	0.00007	-0.06846	-0.58061	-0.64900	-2.4048	1.0381	0.15560
0.65000	0	0.00004	-0.04181	-0.60823	-0.65000	-2.4040	1.0330	0.15560
0.65000	1	-0.00001	-0.04180	-0.60819	-0.65000	-2.4040	1.0330	0.15560
0.65000	2	0.00001	-0.04126	-0.60875	-0.65000	-2.4040	1.0330	0.15560
0.65000	3	0.00005	-0.04148	-0.60858	-0.65000	-2.4040	1.0330	0.15560
0.65100	0	-0.00000	-0.02649	-0.62451	-0.65100	-2.4029	1.0273	0.15560
0.65100	1	-0.00000	-0.02634	-0.62466	-0.65100	-2.4029	1.0273	0.15560
0.65100	2	0.00002	-0.02611	-0.62492	-0.65100	-2.4029	1.0273	0.15560
0.65100	3	-0.00001	-0.02613	-0.62486	-0.65100	-2.4029	1.0273	0.15560
0.65200	0	-0.00004	-0.01586	-0.63609	-0.65200	-2.4014	1.0206	0.15560
0.65200	1	-0.00003	-0.01571	-0.63625	-0.65200	-2.4014	1.0206	0.15560
0.65200	2	0.00002	-0.01553	-0.63649	-0.65200	-2.4014	1.0206	0.15560
0.65200	3	0.00002	-0.01561	-0.63641	-0.65200	-2.4014	1.0206	0.15560
0.65300	0	0.00000	-0.00777	-0.64524	-0.65300	-2.3992	1.0124	0.15560
0.65300	1	-0.00005	-0.00754	-0.64541	-0.65300	-2.3992	1.0124	0.15580
0.65300	2	0.00001	-0.00725	-0.64576	-0.65300	-2.3991	1.0123	0.15560
0.65300	3	0.00007	-0.00762	-0.64545	-0.65300	-2.3992	1.0124	0.15560
0.65400	0	0.00004	-0.00145	-0.65259	-0.65400	-2.3959	1.0021	0.15560
0.65400	1	-0.00000	-0.00133	-0.65266	-0.65400	-2.3959	1.0022	0.15580
0.65400	2	0.00005	-0.00082	-0.65322	-0.65400	-2.3944	0.9985	0.15560
0.65400	3	0.00011	-0.00148	-0.65263	-0.65400	-2.3958	1.0021	0.15560
0.65500	0	0.00002	-0.00231	-0.65271	-0.65500	-2.3923	0.9921	0.15560
0.65500	1	0.00007	-0.00238	-0.65270	-0.65500	-2.3925	0.9926	0.15580
0.65500	2	0.00002	-0.00227	-0.65274	-0.65500	-2.3917	0.9907	0.15580
0.65500	3	0.00006	-0.00247	-0.65259	-0.65500	-2.3924	0.9923	0.15560
0.65600	0	0.00009	-0.00526	-0.65082	-0.65600	-2.3900	0.9854	0.15580
0.65600	1	-0.00002	-0.00528	-0.65070	-0.65600	-2.3903	0.9860	0.15580
0.65600	2	0.00002	-0.00518	-0.65084	-0.65600	-2.3901	0.9855	0.15580
0.65600	3	0.00012	-0.00546	-0.65066	-0.65600	-2.3902	0.9858	0.15580
0.65700	0	0.00010	-0.00828	-0.64882	-0.65700	-2.3889	0.9812	0.15580
0.65700	1	-0.00008	-0.00823	-0.64869	-0.65700	-2.3891	0.9817	0.15580
0.65700	2	-0.00001	-0.00823	-0.64877	-0.65700	-2.3890	0.9816	0.15580
0.65700	3	0.00014	-0.00848	-0.64865	-0.65700	-2.3890	0.9816	0.15580
0.65800	0	0.00005	-0.01131	-0.64674	-0.65800	-2.3882	0.9782	0.15580
0.65800	1	-0.00008	-0.01135	-0.64656	-0.65800	-2.3882	0.9783	0.15580
0.65800	2	0.00009	-0.01146	-0.64663	-0.65800	-2.3882	0.9782	0.15580
0.65800	3	-0.00000	-0.01154	-0.64646	-0.65800	-2.3882	0.9782	0.15580
0.65900	0	0.00012	-0.01469	-0.64442	-0.65900	-2.3875	0.9751	0.15580
0.65900	1	-0.00005	-0.01462	-0.64433	-0.65900	-2.3875	0.9751	0.15580
0.65900	2	0.00007	-0.01479	-0.64429	-0.65900	-2.3875	0.9751	0.15580
0.65900	3	-0.00005	-0.01473	-0.64422	-0.65900	-2.3875	0.9751	0.15580
0.66000	0	0.00013	-0.01811	-0.64202	-0.66000	-2.3868	0.9720	0.15580
0.66000	1	-0.00010	-0.01787	-0.64203	-0.66000	-2.3868	0.9720	0.15580
0.66000	2	0.00006	-0.01815	-0.64192	-0.66000	-2.3868	0.9720	0.15600
0.66000	3	-0.00007	-0.01809	-0.64183	-0.66000	-2.3868	0.9720	0.15580
0.66100	0	0.00011	-0.02158	-0.63952	-0.66100	-2.3860	0.9689	0.15600
0.66100	1	-0.00007	-0.02132	-0.63960	-0.66100	-2.3860	0.9689	0.15600
0.66100	2	0.00014	-0.02165	-0.63948	-0.66100	-2.3860	0.9689	0.15600
0.66100	3	-0.00005	-0.02151	-0.63944	-0.66100	-2.3860	0.9689	0.15580
0.66200	0	0.00017	-0.02521	-0.63696	-0.66200	-2.3853	0.9658	0.15600
0.66200	1	-0.00000	-0.02491	-0.63709	-0.66200	-2.3853	0.9658	0.15600
0.66200	2	0.00009	-0.02523	-0.63686	-0.66200	-2.3853	0.9658	0.15600
0.66200	3	-0.00010	-0.02502	-0.63689	-0.66200	-2.3853	0.9658	0.15580
0.66300	0	0.00012	-0.02891	-0.63421	-0.66300	-2.3845	0.9626	0.15600
0.66300	1	-0.00007	-0.02861	-0.63432	-0.66300	-2.3845	0.9626	0.15600
0.66300	2	0.00003	-0.02891	-0.63412	-0.66300	-2.3845	0.9626	0.15600
0.66300	3	-0.00004	-0.02877	-0.63419	-0.66300	-2.3845	0.9626	0.15600
0.66400	0	0.00001	-0.03274	-0.63126	-0.66400	-2.3837	0.9594	0.15600
0.66400	1	0.00002	-0.03261	-0.63142	-0.66400	-2.3837	0.9594	0.15580
0.66400	2	-0.00005	-0.03277	-0.63118	-0.66400	-2.3837	0.9594	0.15600
0.66400	3	-0.00002	-0.03263	-0.63135	-0.66400	-2.3837	0.9594	0.15600
0.66500	0	-0.00004	-0.03674	-0.62822	-0.66500	-2.3828	0.9562	0.15600
0.66500	1	0.00005	-0.03677	-0.62828	-0.66500	-2.3828	0.9562	0.15580
0.66500	2	0.00002	-0.03687	-0.62814	-0.66500	-2.3828	0.9562	0.15600
0.66500	3	-0.00008	-0.03668	-0.62823	-0.66500	-2.3828	0.9562	0.15600
0.66600	0	-0.00000	-0.04103	-0.62497	-0.66600	-2.3819	0.9529	0.15600
0.66600	1	-0.00000	-0.04102	-0.62498	-0.66600	-2.3819	0.9529	0.15600
0.66600	2	0.00001	-0.04103	-0.62497	-0.66600	-2.3819	0.9529	0.15600
0.66600	3	-0.00001	-0.04100	-0.62499	-0.66600	-2.3819	0.9529	0.15600
0.66700	0	-0.00004	-0.04540	-0.62156	-0.66700	-2.3811	0.9496	0.15600
0.66700	1	0.00007	-0.04551	-0.62156	-0.66700	-2.3811	0.9496	0.15600
0.66700	2	0.00003	-0.04548	-0.62155	-0.66700	-2.3811	0.9496	0.15620
0.66700	3	-0.00001	-0.04555	-0.62144	-0.66700	-2.3811	0.9496	0.15600
0.66800	0	0.00005	-0.05012	-0.61792	-0.66800	-2.3801	0.9463	0.15620
0.66800	1	0.00004	-0.05014	-0.61790	-0.66800	-2.3801	0.9463	0.15600
0.66800	2	0.00009	-0.05017	-0.61792	-0.66800	-2.3801	0.9463	0.15620
0.66800	3	-0.00003	-0.05024	-0.61772	-0.66800	-2.3801	0.9463	0.15620
0.66900	0	0.00002	-0.05510	-0.61392	-0.66900	-2.3792	0.9429	0.15620
0.66900	1	-0.00005	-0.05501	-0.61394	-0.66900	-2.3792	0.9429	0.15600
0.66900	2	0.00003	-0.05506	-0.61397	-0.66900	-2.3792	0.9429	0.15600
0.66900	3	0.00005	-0.05523	-0.61382	-0.66900	-2.3792	0.9429	0.15620
0.67000	0	-0.00007	-0.06022	-0.60972	-0.67000	-2.3782	0.9396	0.15620
0.67000	1	-0.00014	-0.06013	-0.60973	-0.67000	-2.3782	0.9396	0.15600
0.67000	2	0.00007	-0.06032	-0.60975	-0.67000	-2.3782	0.9396	0.15600
0.67000	3	-0.00004	-0.06035	-0.60960	-0.67000	-2.3782	0.9396	0.15620
0.67100	0	-0.00009	-0.06571	-0.60519	-0.67100	-2.3772	0.9361	0.15620
0.67100	1	-0.00009	-0.06569	-0.60522	-0.67100	-2.3772	0.9361	0.15600
0.67100	2	0.00010	-0.06603	-0.60507	-0.67100	-2.3772	0.9361	0.15600
0.67100	3	-0.00009	-0.06582	-0.60510	-0.67100	-2.3772	0.9361	0.15620
0.67200	0	-0.00006	-0.07169	-0.60025	-0.67200	-2.3762	0.9327	0.15620
0.67200	1	-0.00012	-0.07150	-0.60038	-0.67200	-2.3762	0.9327	0.15600
0.67200	2	0.00006	-0.07198	-0.60007	-0.67200	-2.3762	0.9327	0.15620
0.67200	3	-0.00014	-0.07169	-0.60017	-0.67200	-2.3762	0.9327	0.15620
0.67300	0	-0.00006	-0.07794	-0.59500	-0.67300	-2.3751	0.9292	0.15620
0.67300	1	-0.00012	-0.07780	-0.59508	-0.67300	-2.3751	0.9292	0.15620
0.67300	2	-0.00010	-0.07784	-0.59506	-0.67300	-2.3751	0.9292	0.15620
0.67300	3	-0.00008	-0.07805	-0.59487	-0.67300	-2.3751	0.9292	0.15620
0.67400	0	-0.00006	-0.08466	-0.58928	-0.67400	-2.3741	0.9256	0.15640
0.67400	1	-0.00008	-0.08466	-0.58926	-0.67400	-2.3741	0.9256	0.15620
0.67400	2	-0.00005	-0.08468	-0.58926	-0.67400	-2.3741	0.9256	0.15620
0.67400	3	-0.00008	-0.08475	-0.58916	-0.67400	-2.3741	0.9256	0.15620
0.67500	0	-0.00001	-0.09217	-0.58282	-0.67500	-2.3729	0.9221	0.15640
0.67500	1	-0.00012	-0.09198	-0.58290	-0.67500	-2.3729	0.9221	0.15620
0.67500	2	-0.00014	-0.09201	-0.58285	-0.67500	-2.3729	0.9221	0.15620
0.67500	3	-0.00008	-0.09222	-0.58270	-0.67500	-2.3729	0.9221	0.15640
0.67600	0	-0.00002	-0.10027	-0.57572	-0.67600	-2.3718	0.9185	0.15640
0.67600	1	-0.00010	-0.10022	-0.57568	-0.67600	-2.3718	0.9185	0.15620
0.67600	2	-0.00010	-0.10023	-0.57566	-0.67600	-2.3718	0.9185	0.15620
0.67600	3	-0.00002	-0.10036	-0.57562	-0.67600	-2.3718	0.9185	0.15640
0.67700	0	-0.00004	-0.10930	-0.56766	-0.67700	-2.3706	0.9148	0.15640
0.67700	1	-0.00004	-0.10935	-0.56760	-0.67700	-2.3706	0.9148	0.15620
0.67700	2	-0.00005	-0.10938	-0.56757	-0.67700	-2.3706	0.9148	0.15620
0.67700	3	-0.00007	-0.10932	-0.56761	-0.67700	-2.3706	0.9148	0.15640
0.67800	0	0.00003	-0.11953	-0.55851	-0.67800	-2.3694	0.9111	0.15620
0.67800	1	-0.00010	-0.11959	-0.55831	-0.67800	-2.3694	0.9111	0.15620
0.67800	2	-0.00009	-0.11959	-0.55832	-0.67800	-2.3694	0.9111	0.15620
0.67800	3	-0.00002	-0.11950	-0.55848	-0.67800	-2.3694	0.9111	0.15640
0.67900	0	0.00003	-0.13116	-0.54788	-0.67900	-2.3681	0.9074	0.15620
0.67900	1	-0.00002	-0.13127	-0.54771	-0.67900	-2.3681	0.9074	0.15640
0.67900	2	-0.00004	-0.13127	-0.54770	-0.67900	-2.3681	0.9074	0.15640
0.67900	3	0.00003	-0.13117	-0.54785	-0.67900	-2.3681	0.9074	0.15640
0.68000	0	0.00001	-0.14478	-0.53523	-0.68000	-2.3668	0.9036	0.15640
0.68000	1	-0.00004	-0.14471	-0.53526	-0.68000	-2.3668	0.9036	0.15640
0.68000	2	0.00000	-0.14474	-0.53526	-0.68000	-2.3668	0.9036	0.15640
0.68000	3	-0.00000	-0.14473	-0.53527	-0.68000	-2.3668	0.9036	0.15660
0.68100	0	0.00008	-0.16103	-0.52005	-0.68100	-2.3655	0.8998	0.15640
0.68100	1	-0.00008	-0.16070	-0.52022	-0.68100	-2.3655	0.8998	0.15640
0.68100	2	-0.00011	-0.16074	-0.52015	-0.68100	-2.3655	0.8998	0.15640
0.68100	3	0.00008	-0.16110	-0.51997	-0.68100	-2.3655	0.8998	0.15660
0.68200	0	0.00000	-0.18125	-0.50075	-0.68200	-2.3641	0.8959	0.15640
0.68200	1	-0.00001	-0.18121	-0.50078	-0.68200	-2.3641	0.8959	0.15640
0.68200	2	-0.00016	-0.18099	-0.50085	-0.68200	-2.3641	0.8959	0.15640
0.68200	3	0.00006	-0.18140	-0.50066	-0.68200	-2.3641	0.8959	0.15640
0.68300	0	-0.00005	-0.20876	-0.47420	-0.68300	-2.3627	0.8920	0.15640
0.68300	1	0.00001	-0.20947	-0.47354	-0.68300	-2.3627	0.8920	0.15640
0.68300	2	-0.00017	-0.20911	-0.47371	-0.68300	-2.3627	0.8920	0.15640
0.68300	3	-0.00003	-0.20901	-0.47395	-0.68300	-2.3627	0.8920	0.15640
0.68400	0	-0.00011	-0.25441	-0.42948	-0.68400	-2.3613	0.8881	0.15640
0.68400	1	0.00000	-0.25463	-0.42937	-0.68400	-2.3613	0.8881	0.15640
0.68400	2	-0.00013	-0.25416	-0.42971	-0.68400	-2.3613	0.8881	0.15640
0.68400	3	-0.00009	-0.25442	-0.42949	-0.68400	-2.3613	0.8881	0.15640
0.68500	0	-0.00007	-0.34189	-0.34305	-0.68500	-2.3598	0.8840	0.15640
0.68500	1	0.00003	-0.34225	-0.34279	-0.68500	-2.3598	0.8840	0.15660
0.68500	2	-0.00017	-0.34205	-0.34278	-0.68500	-2.3598	0.8840	0.15660
0.68500	3	-0.00006	-0.34271	-0.34224	-0.68500	-2.3598	0.8840	0.15640
0.68600	0	-0.00012	-0.34310	-0.34278	-0.68600	-2.3583	0.8800	0.15640
0.68600	1	0.00008	-0.34264	-0.34345	-0.68600	-2.3583	0.8800	0.15660
0.68600	2	-0.00010	-0.34302	-0.34288	-0.68600	-2.3583	0.8800	0.15660
0.68600	3	-0.00009	-0.34274	-0.34317	-0.68600	-2.3583	0.8800	0.15640
0.68700	0	-0.00007	-0.26370	-0.42322	-0.68700	-2.3567	0.8758	0.15660
0.68700	1	-0.00001	-0.26373	-0.42325	-0.68700	-2.3567	0.8758	0.15660
0.68700	2	-0.00005	-0.26309	-0.42386	-0.68700	-2.3567	0.8758	0.15660
0.68700	3	-0.00007	-0.26388	-0.42305	-0.68700	-2.3567	0.8758	0.15660
0.68800	0	-0.00004	-0.21407	-0.47389	-0.68800	-2.3551	0.8717	0.15660
0.68800	1	-0.00008	-0.21454	-0.47338	-0.68800	-2.3551	0.8717	0.15660
0.68800	2	-0.00011	-0.21397	-0.47392	-0.68800	-2.3551	0.8717	0.15660
0.68800	3	-0.00014	-0.21393	-0.47393	-0.68800	-2.3551	0.8717	0.15660
0.68900	0	-0.00011	-0.18588	-0.50301	-0.68900	-2.3534	0.8674	0.15660
0.68900	1	-0.00008	-0.18631	-0.50260	-0.68900	-2.3534	0.8674	0.15660
0.68900	2	-0.00002	-0.18585	-0.50313	-0.68900	-2.3534	0.8674	0.15660
0.68900	3	0.00001	-0.18633	-0.50268	-0.68900	-2.3534	0.8674	0.15660
0.69000	0	-0.00007	-0.16561	-0.52432	-0.69000	-2.3517	0.8631	0.15660
0.69000	1	-0.00004	-0.16609	-0.52386	-0.69000	-2.3517	0.8631	0.15660
0.69000	2	-0.00001	-0.16584	-0.52416	-0.69000	-2.3517	0.8631	0.15660
0.69000	3	-0.00004	-0.16603	-0.52394	-0.69000	-2.3517	0.8631	0.15660
0.69100	0	-0.00003	-0.15002	-0.54095	-0.69100	-2.3499	0.8588	0.15660
0.69100	1	-0.00008	-0.15017	-0.54076	-0.69100	-2.3499	0.8588	0.15660
0.69100	2	-0.00002	-0.15009	-0.54090	-0.69100	-2.3499	0.8588	0.15680
0.69100	3	0.00002	-0.15025	-0.54077	-0.69100	-2.3499	0.8588	0.15660
0.69200	0	-0.00008	-0.13705	-0.55487	-0.69200	-2.3481	0.8543	0.15680
0.69200	1	-0.00002	-0.13710	-0.55488	-0.69200	-2.3481	0.8543	0.15680
0.69200	2	0.00008	-0.13711	-0.55497	-0.69200	-2.3481	0.8543	0.15680
0.69200	3	0.00000	-0.13711	-0.55489	-0.69200	-2.3481	0.8543	0.15660
0.69300	0	-0.00001	-0.12596	-0.56702	-0.69300	-2.3462	0.8498	0.15680
0.69300	1	0.00000	-0.12598	-0.56702	-0.69300	-2.3462	0.8498	0.15680
0.69300	2	0.00002	-0.12596	-0.56706	-0.69300	-2.3462	0.8498	0.15680
0.69300	3	-0.00002	-0.12598	-0.56701	-0.69300	-2.3462	0.8498	0.15680
0.69400	0	-0.00001	-0.11627	-0.57772	-0.69400	-2.3443	0.8453	0.15680
0.69400	1	0.00001	-0.11674	-0.57727	-0.69400	-2.3443	0.8453	0.15680
0.69400	2	0.00006	-0.11674	-0.57732	-0.69400	-2.3443	0.8453	0.15680
0.69400	3	-0.00003	-0.11597	-0.57800	-0.69400	-2.3443	0.8453	0.15680
0.69500	0	-0.00012	-0.10777	-0.58711	-0.69500	-2.3423	0.8406	0.15680
0.69500	1	0.00004	-0.10794	-0.58710	-0.69500	-2.3423	0.8406	0.15680
0.69500	2	-0.00007	-0.10776	-0.58717	-0.69500	-2.3423	0.8406	0.15680
0.69500	3	0.00001	-0.10778	-0.58722	-0.69500	-2.3423	0.8406	0.15680
0.69600	0	-0.00017	-0.10009	-0.59574	-0.69600	-2.3402	0.8359	0.15680
0.69600	1	0.00007	-0.10050	-0.59557	-0.69600	-2.3402	0.8359	0.15680
0.69600	2	-0.00001	-0.10017	-0.59582	-0.69600	-2.3402	0.8359	0.15680
0.69600	3	-0.00002	-0.10019	-0.59579	-0.69600	-2.3402	0.8359	0.15680
0.69700	0	-0.00012	-0.09328	-0.60360	-0.69700	-2.3381	0.8311	0.15680
0.69700	1	0.00003	-0.09358	-0.60345	-0.69700	-2.3381	0.8311	0.15700
0.69700	2	-0.00003	-0.09321	-0.60375	-0.69700	-2.3381	0.8311	0.15680
0.69700	3	0.00005	-0.09345	-0.60360	-0.69700	-2.3381	0.8311	0.15680
0.69800	0	-0.00015	-0.08686	-0.61098	-0.69800	-2.3359	0.8262	0.15680
0.69800	1	0.00011	-0.08728	-0.61083	-0.69800	-2.3359	0.8262	0.15700
0.69800	2	0.00000	-0.08693	-0.61107	-0.69800	-2.3359	0.8262	0.15700
0.69800	3	0.00003	-0.08731	-0.61072	-0.69800	-2.3359	0.8262	0.15680
0.69900	0	-0.00014	-0.08111	-0.61775	-0.69900	-2.3336	0.8212	0.15700
0.69900	1	0.00009	-0.08153	-0.61756	-0.69900	-2.3336	0.8212	0.15700
0.69900	2	0.00005	-0.08117	-0.61789	-0.69900	-2.3336	0.8212	0.15700
0.69900	3	0.00001	-0.08148	-0.61753	-0.69900	-2.3336	0.8212	0.15700
0.70000	0	-0.00007	-0.07582	-0.62411	-0.70000	-2.3312	0.8162	0.15700
0.70000	1	0.00002	-0.07616	-0.62386	-0.70000	-2.3312	0.8162	0.15700
0.70000	2	-0.00001	-0.07583	-0.62416	-0.70000	-2.3312	0.8162	0.15700
0.70000	3	0.00008	-0.07619	-0.62389	-0.70000	-2.3312	0.8162	0.15700
0.70100	0	-0.00011	-0.07081	-0.63008	-0.70100	-2.3288	0.8110	0.15700
0.70100	1	-0.00003	-0.07115	-0.62982	-0.70100	-2.3288	0.8110	0.15700
0.70100	2	0.00003	-0.07091	-0.63011	-0.70100	-2.3288	0.8110	0.15700
0.70100	3	-0.00001	-0.07117	-0.62982	-0.70100	-2.3288	0.8110	0.15700
0.70200	0	-0.00011	-0.06621	-0.63567	-0.70200	-2.3263	0.8057	0.15700
0.70200	1	0.00003	-0.06658	-0.63546	-0.70200	-2.3263	0.8057	0.15700
0.70200	2	0.00007	-0.06649	-0.63558	-0.70200	-2.3263	0.8057	0.15700
0.70200	3	-0.00007	-0.06649	-0.63544	-0.70200	-2.3263	0.8057	0.15700
0.70300	0	-0.00002	-0.06209	-0.64089	-0.70300	-2.3237	0.8003	0.15700
0.70300	1	-0.00000	-0.06214	-0.64085	-0.70300	-2.3237	0.8003	0.15700
0.70300	2	0.00004	-0.06214	-0.64090	-0.70300	-2.3237	0.8003	0.15700
0.70300	3	-0.00008	-0.06219	-0.64073	-0.70300	-2.3237	0.8003	0.15700
0.70400	0	-0.00003	-0.05807	-0.64589	-0.70400	-2.3210	0.7949	0.15700
0.70400	1	0.00001	-0.05804	-0.64597	-0.70400	-2.3210	0.7949	0.15720
0.70400	2	0.00010	-0.05809	-0.64600	-0.70400	-2.3210	0.7949	0.15720
0.70400	3	-0.00005	-0.05808	-0.64587	-0.70400	-2.3210	0.7949	0.15700
0.70500	0	0.00001	-0.05418	-0.65083	-0.70500	-2.3182	0.7892	0.15720
0.70500	1	0.00007	-0.05420	-0.65088	-0.70500	-2.3182	0.7892	0.15720
0.70500	2	0.00014	-0.05424	-0.65090	-0.70500	-2.3182	0.7892	0.15720
0.70500	3	-0.00009	-0.05414	-0.65077	-0.70500	-2.3182	0.7892	0.15700
0.70600	0	0.00007	-0.05056	-0.65551	-0.70600	-2.3153	0.7835	0.15720
0.70600	1	-0.00000	-0.05053	-0.65547	-0.70600	-2.3153	0.7835	0.15720
0.70600	2	0.00003	-0.05059	-0.65544	-0.70600	-2.3153	0.7835	0.15720
0.70600	3	-0.00003	-0.05054	-0.65543	-0.70600	-2.3153	0.7835	0.15720
0.70700	0	-0.00002	-0.04707	-0.65991	-0.70700	-2.3122	0.7776	0.15720
0.70700	1	0.00001	-0.04709	-0.65992	-0.70700	-2.3122	0.7776	0.15720
0.70700	2	-0.00001	-0.04707	-0.65991	-0.70700	-2.3122	0.7776	0.15720
0.70700	3	-0.00000	-0.04707	-0.65993	-0.70700	-2.3122	0.7776	0.15720
0.70800	0	-0.00006	-0.04374	-0.66420	-0.70800	-2.3091	0.7715	0.15720
0.70800	1	0.00008	-0.04401	-0.66407	-0.70800	-2.3091	0.7715	0.15720
0.70800	2	0.00004	-0.04386	-0.66418	-0.70800	-2.3091	0.7715	0.15720
0.70800	3	-0.00007	-0.04378	-0.66414	-0.70800	-2.3091	0.7715	0.15720
0.70900	0	-0.00001	-0.04068	-0.66830	-0.70900	-2.3058	0.7653	0.15720
0.70900	1	0.00003	-0.04083	-0.66820	-0.70900	-2.3058	0.7653	0.15720
0.70900	2	0.00003	-0.04066	-0.66837	-0.70900	-2.3058	0.7653	0.15720
0.70900	3	-0.00002	-0.04073	-0.66825	-0.70900	-2.3058	0.7653	0.15720
0.71000	0	0.00000	-0.03765	-0.67235	-0.71000	-2.3024	0.7589	0.15720
0.71000	1	0.00007	-0.03782	-0.67225	-0.71000	-2.3024	0.7589	0.15740
0.71000	2	0.00004	-0.03763	-0.67240	-0.71000	-2.3024	0.7589	0.15740
0.71000	3	0.00001	-0.03789	-0.67212	-0.71000	-2.3024	0.7589	0.15720
0.71100	0	-0.00003	-0.03471	-0.67626	-0.71100	-2.2988	0.7523	0.15740
0.71100	1	0.00012	-0.03497	-0.67614	-0.71100	-2.2988	0.7523	0.15740
0.71100	2	0.00010	-0.03482	-0.67628	-0.71100	-2.2988	0.7523	0.15740
0.71100	3	-0.00004	-0.03496	-0.67600	-0.71100	-2.2988	0.7523	0.15740
0.71200	0	0.00029	-0.03272	-0.67958	-0.71200	-2.2951	0.7455	0.15740
0.71200	1	-0.00026	-0.03168	-0.68006	-0.71200	-2.2951	0.7455	0.15740
0.71200	2	-0.00144	-0.03032	-0.68024	-0.71200	-2.2951	0.7455	0.15740
0.71200	3	-0.00028	-0.03172	-0.68000	-0.71200	-2.2951	0.7455	0.15740
0.71300	0	0.00002	-0.02938	-0.68363	-0.71300	-2.2912	0.7385	0.15740
0.71300	1	-0.00007	-0.02946	-0.68347	-0.71300	-2.2912	0.7385	0.15740
0.71300	2	0.00004	-0.02943	-0.68361	-0.71300	-2.2912	0.7385	0.15740
0.71300	3	0.00005	-0.02962	-0.68343	-0.71300	-2.2912	0.7385	0.15740
0.71400	0	0.00000	-0.02690	-0.68710	-0.71400	-2.2871	0.7312	0.15740
0.71400	1	-0.00004	-0.02700	-0.68695	-0.71400	-2.2871	0.7312	0.15740
0.71400	2	0.00008	-0.02705	-0.68703	-0.71400	-2.2871	0.7312	0.15740
0.71400	3	-0.00004	-0.02707	-0.68689	-0.71400	-2.2871	0.7312	0.15740
0.71500	0	0.00008	-0.02463	-0.69044	-0.71500	-2.2827	0.7237	0.15740
0.71500	1	-0.00005	-0.02450	-0.69046	-0.71500	-2.2827	0.7237	0.15740
0.71500	2	0.00005	-0.02459	-0.69045	-0.71500	-2.2827	0.7237	0.15740
0.71500	3	-0.00005	-0.02460	-0.69035	-0.71500	-2.2827	0.7237	0.15740
0.71600	0	0.00006	-0.02231	-0.69375	-0.71600	-2.2781	0.7158	0.15740
0.71600	1	-0.00006	-0.02208	-0.69386	-0.71600	-2.2781	0.7158	0.15760
0.71600	2	0.00006	-0.02221	-0.69385	-0.71600	-2.2781	0.7158	0.15760
0.71600	3	0.00002	-0.02234	-0.69368	-0.71600	-2.2781	0.7158	0.15740
0.71700	0	0.00016	-0.02011	-0.69705	-0.71700	-2.2732	0.7076	0.15760
0.71700	1	0.00003	-0.01988	-0.69715	-0.71700	-2.2732	0.7076	0.15760
0.71700	2	0.00013	-0.02001	-0.69711	-0.71700	-2.2732	0.7076	0.15760
0.71700	3	-0.00009	-0.01986	-0.69705	-0.71700	-2.2732	0.7076	0.15740
0.71800	0	0.00045	-0.01699	-0.70146	-0.71800	-2.2680	0.6990	0.15760
0.71800	1	-0.00005	-0.01763	-0.70031	-0.71800	-2.2680	0.6990	0.15760
0.71800	2	-0.00002	-0.01774	-0.70024	-0.71800	-2.2680	0.6990	0.15760
0.71800	3	0.00003	-0.01780	-0.70022	-0.71800	-2.2680	0.6990	0.15760
0.71900	0	0.00003	-0.01568	-0.70335	-0.71900	-2.2624	0.6899	0.15760
0.71900	1	-0.00007	-0.01554	-0.70340	-0.71900	-2.2624	0.6899	0.15760
0.71900	2	-0.00005	-0.01561	-0.70334	-0.71900	-2.2624	0.6899	0.15760
0.71900	3	0.00009	-0.01573	-0.70336	-0.71900	-2.2625	0.6899	0.15760
0.72000	0	0.00002	-0.01368	-0.70634	-0.72000	-2.2564	0.6803	0.15760
0.72000	1	0.00000	-0.01365	-0.70635	-0.72000	-2.2564	0.6803	0.15760
0.72000	2	0.00002	-0.01368	-0.70634	-0.72000	-2.2564	0.6803	0.15760
0.72000	3	0.00000	-0.01366	-0.70635	-0.72000	-2.2565	0.6803	0.15760
0.72100	0	0.00006	-0.01181	-0.70925	-0.72100	-2.2499	0.6700	0.15760
0.72100	1	-0.00002	-0.01164	-0.70934	-0.72100	-2.2499	0.6700	0.15760
0.72100	2	-0.00000	-0.01152	-0.70947	-0.72100	-2.2499	0.6700	0.15760
0.72100	3	0.00001	-0.01170	-0.70931	-0.72100	-2.2500	0.6701	0.15760
0.72200	0	0.00005	-0.00992	-0.71213	-0.72200	-2.2427	0.6589	0.15760
0.72200	1	0.00005	-0.00970	-0.71235	-0.72200	-2.2427	0.6589	0.15780
0.72200	2	0.00052	-0.00910	-0.71342	-0.72200	-2.2427	0.6589	0.15780
0.72200	3	0.00007	-0.00995	-0.71212	-0.72200	-2.2430	0.6592	0.15760
0.72300	0	0.00006	-0.00803	-0.71503	-0.72300	-2.2347	0.6468	0.15780
0.72300	1	0.00054	-0.00783	-0.71570	-0.72300	-2.2347	0.6468	0.15780
0.72300	2	0.00035	-0.00800	-0.71535	-0.72300	-2.2347	0.6468	0.15780
0.72300	3	0.00003	-0.00804	-0.71499	-0.72300	-2.2354	0.6476	0.15760
0.72400	0	0.00013	-0.00629	-0.71784	-0.72400	-2.2258	0.6334	0.15780
0.72400	1	0.00017	-0.00572	-0.71845	-0.72400	-2.2257	0.6333	0.15780
0.72400	2	0.00011	-0.00614	-0.71798	-0.72400	-2.2257	0.6333	0.15780
0.72400	3	0.00005	-0.00622	-0.71783	-0.72400	-2.2272	0.6352	0.15780
0.72500	0	0.00011	-0.00454	-0.72057	-0.72500	-2.2170	0.6203	0.15780
0.72500	1	0.00007	-0.00426	-0.72081	-0.72500	-2.2150	0.6177	0.15780
0.72500	2	0.00013	-0.00447	-0.72066	-0.72500	-2.2150	0.6177	0.15780
0.72500	3	0.00012	-0.00454	-0.72057	-0.72500	-2.2184	0.6220	0.15780
0.72600	0	0.00004	-0.00289	-0.72315	-0.72600	-2.2079	0.6068	0.15780
0.72600	1	0.00009	-0.00279	-0.72330	-0.72600	-2.2018	0.5989	0.15780
0.72600	2	0.00041	-0.00316	-0.72325	-0.72600	-2.2028	0.6003	0.15780
0.72600	3	0.00006	-0.00291	-0.72315	-0.72600	-2.2091	0.6083	0.15780
0.72700	0	0.00006	-0.00142	-0.72564	-0.72700	-2.1988	0.5933	0.15780
0.72700	1	0.00012	-0.00139	-0.72574	-0.72700	-2.1919	0.5845	0.15780
0.72700	2	0.00001	-0.00130	-0.72572	-0.72700	-2.1949	0.5883	0.15780
0.72700	3	0.00003	-0.00140	-0.72563	-0.72700	-2.1997	0.5944	0.15780
0.72800	0	0.00012	-0.00084	-0.72728	-0.72800	-2.1901	0.5803	0.15780
0.72800	1	0.00005	-0.00062	-0.72744	-0.72800	-2.1854	0.5743	0.15780
0.72800	2	-0.00033	-0.00026	-0.72741	-0.72800	-2.1871	0.5764	0.15780
0.72800	3	-0.00001	-0.00069	-0.72730	-0.72800	-2.1905	0.5808	0.15780
0.72900	0	0.00011	-0.00132	-0.72778	-0.72900	-2.1821	0.5682	0.15780
0.72900	1	-0.00014	-0.00096	-0.72790	-0.72900	-2.1788	0.5640	0.15800
0.72900	2	-0.00012	-0.00097	-0.72791	-0.72900	-2.1798	0.5653	0.15800
0.72900	3	0.00006	-0.00129	-0.72777	-0.72900	-2.1820	0.5681	0.15780
0.73000	0	0.00007	-0.00199	-0.72808	-0.73000	-2.1750	0.5573	0.15780
0.73000	1	-0.00002	-0.00180	-0.72818	-0.73000	-2.1727	0.5544	0.15800
0.73000	2	-0.00006	-0.00176	-0.72819	-0.73000	-2.1733	0.5552	0.15800
0.73000	3	0.00007	-0.00202	-0.72805	-0.73000	-2.1744	0.5566	0.15780
0.73100	0	0.00012	-0.00280	-0.72832	-0.73100	-2.1690	0.5478	0.15780
0.73100	1	0.00001	-0.00259	-0.72841	-0.73100	-2.1675	0.5459	0.15800
0.73100	2	0.00000	-0.00260	-0.72841	-0.73100	-2.1678	0.5463	0.15800
0.73100	3	0.00007	-0.00278	-0.72829	-0.73100	-2.1681	0.5467	0.15780
0.73200	0	-0.00007	-0.00337	-0.72856	-0.73200	-2.1641	0.5398	0.15780
0.73200	1	0.00003	-0.00341	-0.72862	-0.73200	-2.1631	0.5385	0.15800
0.73200	2	0.00006	-0.00345	-0.72861	-0.73200	-2.1633	0.5388	0.15800
0.73200	3	0.00009	-0.00359	-0.72850	-0.73200	-2.1629	0.5383	0.15780
0.73300	0	-0.00002	-0.00421	-0.72877	-0.73300	-2.1602	0.5331	0.15780
0.73300	1	0.00006	-0.00424	-0.72882	-0.73300	-2.1596	0.5323	0.15800
0.73300	2	0.00003	-0.00420	-0.72883	-0.73300	-2.1597	0.5324	0.15800
0.73300	3	0.00004	-0.00432	-0.72872	-0.73300	-2.1589	0.5314	0.15780
0.73400	0	-0.00000	-0.00502	-0.72898	-0.73400	-2.1572	0.5275	0.15800
0.73400	1	0.00007	-0.00505	-0.72902	-0.73400	-2.1569	0.5271	0.15800
0.73400	2	0.00005	-0.00502	-0.72903	-0.73400	-2.1569	0.5271	0.15800
0.73400	3	0.00002	-0.00508	-0.72894	-0.73400	-2.1559	0.5258	0.15780
0.73500	0	0.00001	-0.00582	-0.72918	-0.73500	-2.1550	0.5229	0.15800
0.73500	1	0.00006	-0.00585	-0.72921	-0.73500	-2.1548	0.5226	0.15800
0.73500	2	0.00005	-0.00584	-0.72922	-0.73500	-2.1548	0.5226	0.15800
0.73500	3	0.00002	-0.00588	-0.72914	-0.73500	-2.1537	0.5213	0.15800
0.73600	0	0.00003	-0.00665	-0.72938	-0.73600	-2.1534	0.5190	0.15800
0.73600	1	0.00006	-0.00666	-0.72940	-0.73600	-2.1533	0.5189	0.15800
0.73600	2	0.00005	-0.00664	-0.72941	-0.73600	-2.1533	0.5189	0.15800
0.73600	3	0.00004	-0.00671	-0.72933	-0.73600	-2.1522	0.5175	0.15800
0.73700	0	0.00005	-0.00748	-0.72957	-0.73700	-2.1522	0.5158	0.15800
0.73700	1	0.00001	-0.00746	-0.72955	-0.73700	-2.1522	0.5157	0.15800
0.73700	2	0.00001	-0.00746	-0.72956	-0.73700	-2.1521	0.5157	0.15800
0.73700	3	0.00006	-0.00753	-0.72952	-0.73700	-2.1511	0.5144	0.15800
0.73800	0	0.00006	-0.00830	-0.72976	-0.73800	-2.1514	0.5129	0.15800
0.73800	1	-0.00002	-0.00828	-0.72970	-0.73800	-2.1514	0.5129	0.15800
0.73800	2	-0.00002	-0.00828	-0.72970	-0.73800	-2.1514	0.5129	0.15800
0.73800	3	0.00008	-0.00836	-0.72971	-0.73800	-2.1505	0.5117	0.15800
0.73900	0	0.00006	-0.00911	-0.72994	-0.73900	-2.1508	0.5104	0.15800
0.73900	1	-0.00003	-0.00911	-0.72986	-0.73900	-2.1508	0.5104	0.15800
0.73900	2	-0.00003	-0.00911	-0.72986	-0.73900	-2.1508	0.5104	0.15800
0.73900	3	0.00008	-0.00918	-0.72990	-0.73900	-2.1500	0.5094	0.15800
0.74000	0	0.00006	-0.00994	-0.73012	-0.74000	-2.1504	0.5082	0.15800
0.74000	1	-0.00003	-0.00994	-0.73003	-0.74000	-2.1504	0.5081	0.15800
0.74000	2	-0.00004	-0.00993	-0.73003	-0.74000	-2.1504	0.5082	0.15800
0.74000	3	0.00009	-0.01001	-0.73008	-0.74000	-2.1497	0.5073	0.15800
0.74100	0	0.00005	-0.01075	-0.73030	-0.74100	-2.1502	0.5061	0.15800
0.74100	1	-0.00003	-0.01076	-0.73021	-0.74100	-2.1502	0.5061	0.15800
0.74100	2	-0.00004	-0.01075	-0.73021	-0.74100	-2.1502	0.5061	0.15800
0.74100	3	0.00009	-0.01083	-0.73026	-0.74100	-2.1496	0.5054	0.15800
0.74200	0	0.00000	-0.01157	-0.73044	-0.74200	-2.1500	0.5041	0.15800
0.74200	1	-0.00004	-0.01159	-0.73038	-0.74200	-2.1500	0.5041	0.15800
0.74200	2	-0.00004	-0.01158	-0.73038	-0.74200	-2.1500	0.5041	0.15800
0.74200	3	0.00009	-0.01165	-0.73044	-0.74200	-2.1496	0.5035	0.15800
0.74300	0	-0.00003	-0.01240	-0.73057	-0.74300	-2.1499	0.5022	0.15800
0.74300	1	-0.00004	-0.01243	-0.73054	-0.74300	-2.1499	0.5022	0.15800
0.74300	2	-0.00003	-0.01243	-0.73054	-0.74300	-2.1499	0.5022	0.15800
0.74300	3	0.00006	-0.01247	-0.73059	-0.74300	-2.1496	0.5018	0.15800
0.74400	0	-0.00004	-0.01324	-0.73072	-0.74400	-2.1499	0.5004	0.15800
0.74400	1	-0.00001	-0.01332	-0.73067	-0.74400	-2.1499	0.5004	0.15800
0.74400	2	-0.00001	-0.01332	-0.73068	-0.74400	-2.1499	0.5004	0.15800
0.74400	3	0.00002	-0.01330	-0.73072	-0.74400	-2.1497	0.5001	0.15800
0.74500	0	-0.00005	-0.01407	-0.73088	-0.74500	-2.1499	0.4986	0.15800
0.74500	1	0.00002	-0.01421	-0.73081	-0.74500	-2.1499	0.4987	0.15800
0.74500	2	0.00001	-0.01419	-0.73081	-0.74500	-2.1499	0.4987	0.15800
0.74500	3	-0.00001	-0.01414	-0.73085	-0.74500	-2.1497	0.4985	0.15800
0.74600	0	-0.00005	-0.01490	-0.73104	-0.74600	-2.1499	0.4969	0.15800
0.74600	1	0.00003	-0.01509	-0.73095	-0.74600	-2.1499	0.4969	0.15800
0.74600	2	0.00003	-0.01508	-0.73095	-0.74600	-2.1499	0.4969	0.15800
0.74600	3	-0.00002	-0.01498	-0.73100	-0.74600	-2.1498	0.4968	0.15800
0.74700	0	-0.00006	-0.01574	-0.73120	-0.74700	-2.1499	0.4952	0.15800
0.74700	1	0.00004	-0.01595	-0.73109	-0.74700	-2.1499	0.4952	0.15800
0.74700	2	0.00004	-0.01594	-0.73109	-0.74700	-2.1499	0.4952	0.15800
0.74700	3	-0.00002	-0.01582	-0.73116	-0.74700	-2.1499	0.4951	0.15800
0.74800	0	-0.00009	-0.01655	-0.73136	-0.74800	-2.1499	0.4935	0.15800
0.74800	1	0.00004	-0.01680	-0.73124	-0.74800	-2.1500	0.4935	0.15800
0.74800	2	0.00008	-0.01686	-0.73122	-0.74800	-2.1499	0.4935	0.15800
0.74800	3	0.00002	-0.01673	-0.73129	-0.74800	-2.1499	0.4934	0.15800
0.74900	0	-0.00003	-0.01750	-0.73147	-0.74900	-2.1500	0.4918	0.15800
0.74900	1	0.00002	-0.01761	-0.73141	-0.74900	-2.1500	0.4918	0.15800
0.74900	2	0.00003	-0.01763	-0.73140	-0.74900	-2.1500	0.4918	0.15800
0.74900	3	-0.00004	-0.01749	-0.73147	-0.74900	-2.1500	0.4918	0.15800
0.75000	0	-0.00001	-0.01840	-0.73159	-0.75000	-2.1500	0.4901	0.15800
0.75000	1	0.00001	-0.01846	-0.73156	-0.75000	-2.1500	0.4901	0.15800
0.75000	2	0.00002	-0.01846	-0.73156	-0.75000	-2.1500	0.4901	0.15800
0.75000	3	-0.00002	-0.01838	-0.73159	-0.75000	-2.1500	0.4901	0.15800
0.75100	0	0.00000	-0.01929	-0.73171	-0.75100	-2.1501	0.4884	0.15800
0.75100	1	0.00001	-0.01930	-0.73171	-0.75100	-2.1501	0.4884	0.15800
0.75100	2	0.00000	-0.01929	-0.73171	-0.75100	-2.1501	0.4884	0.15800
0.75100	3	-0.00000	-0.01929	-0.73171	-0.75100	-2.1501	0.4884	0.15800
0.75200	0	0.00000	-0.02016	-0.73184	-0.75200	-2.1501	0.4867	0.15800
0.75200	1	-0.00001	-0.02014	-0.73185	-0.75200	-2.1501	0.4867	0.15820
0.75200	2	0.00000	-0.02015	-0.73185	-0.75200	-2.1501	0.4867	0.15820
0.75200	3	0.00001	-0.02019	-0.73182	-0.75200	-2.1501	0.4867	0.15800
0.75300	0	0.00000	-0.02102	-0.73198	-0.75300	-2.1502	0.4851	0.15800
0.75300	1	0.00000	-0.02100	-0.73200	-0.75300	-2.1502	0.4851	0.15820
0.75300	2	-0.00000	-0.02100	-0.73200	-0.75300	-2.1502	0.4851	0.15820
0.75300	3	0.00003	-0.02109	-0.73194	-0.75300	-2.1502	0.4851	0.15800
0.75400	0	-0.00001	-0.02187	-0.73212	-0.75400	-2.1502	0.4834	0.15800
0.75400	1	0.00003	-0.02191	-0.73212	-0.75400	-2.1502	0.4834	0.15820
0.75400	2	0.00003	-0.02190	-0.73212	-0.75400	-2.1502	0.4834	0.15820
0.75400	3	0.00003	-0.02195	-0.73207	-0.75400	-2.1502	0.4834	0.15800
0.75500	0	-0.00003	-0.02271	-0.73226	-0.75500	-2.1502	0.4817	0.15800
0.75500	1	0.00005	-0.02280	-0.73225	-0.75500	-2.1502	0.4817	0.15820
0.75500	2	0.00005	-0.02279	-0.73225	-0.75500	-2.1502	0.4817	0.15820
0.75500	3	0.00002	-0.02282	-0.73220	-0.75500	-2.1502	0.4817	0.15800
0.75600	0	-0.00004	-0.02356	-0.73239	-0.75600	-2.1503	0.4800	0.15800
0.75600	1	0.00007	-0.02369	-0.73238	-0.75600	-2.1503	0.4800	0.15820
0.75600	2	0.00007	-0.02369	-0.73238	-0.75600	-2.1503	0.4800	0.15820
0.75600	3	0.00000	-0.02366	-0.73234	-0.75600	-2.1503	0.4800	0.15800
0.75700	0	-0.00005	-0.02443	-0.73252	-0.75700	-2.1503	0.4784	0.15820
0.75700	1	0.00008	-0.02459	-0.73250	-0.75700	-2.1503	0.4784	0.15820
0.75700	2	0.00008	-0.02458	-0.73250	-0.75700	-2.1503	0.4784	0.15820
0.75700	3	-0.00002	-0.02451	-0.73247	-0.75700	-2.1503	0.4784	0.15800
0.75800	0	-0.00004	-0.02531	-0.73264	-0.75800	-2.1504	0.4767	0.15820
0.75800	1	0.00009	-0.02547	-0.73261	-0.75800	-2.1504	0.4767	0.15820
0.75800	2	0.00008	-0.02546	-0.73262	-0.75800	-2.1504	0.4767	0.15820
0.75800	3	-0.00003	-0.02537	-0.73260	-0.75800	-2.1504	0.4767	0.15800
0.75900	0	-0.00002	-0.02622	-0.73276	-0.75900	-2.1504	0.4750	0.15820
0.75900	1	0.00009	-0.02636	-0.73273	-0.75900	-2.1504	0.4750	0.15800
0.75900	2	0.00008	-0.02635	-0.73273	-0.75900	-2.1504	0.4750	0.15820
0.75900	3	-0.00003	-0.02625	-0.73272	-0.75900	-2.1504	0.4750	0.15820
0.76000	0	-0.00000	-0.02713	-0.73287	-0.76000	-2.1504	0.4733	0.15820
0.76000	1	0.00008	-0.02724	-0.73284	-0.76000	-2.1504	0.4733	0.15800
0.76000	2	0.00008	-0.02724	-0.73284	-0.76000	-2.1504	0.4733	0.15800
0.76000	3	-0.00002	-0.02714	-0.73284	-0.76000	-2.1504	0.4733	0.15820
0.76100	0	0.00002	-0.02804	-0.73298	-0.76100	-2.1504	0.4716	0.15820
0.76100	1	0.00003	-0.02813	-0.73291	-0.76100	-2.1504	0.4716	0.15800
0.76100	2	0.00004	-0.02813	-0.73291	-0.76100	-2.1504	0.4716	0.15800
0.76100	3	-0.00001	-0.02805	-0.73295	-0.76100	-2.1504	0.4716	0.15820
0.76200	0	0.00003	-0.02895	-0.73308	-0.76200	-2.1504	0.4699	0.15820
0.76200	1	0.00000	-0.02903	-0.73297	-0.76200	-2.1504	0.4699	0.15800
0.76200	2	0.00000	-0.02903	-0.73298	-0.76200	-2.1504	0.4699	0.15800
0.76200	3	0.00002	-0.02897	-0.73305	-0.76200	-2.1504	0.4699	0.15820
0.76300	0	0.00003	-0.02985	-0.73318	-0.76300	-2.1505	0.4683	0.15820
0.76300	1	-0.00001	-0.02995	-0.73305	-0.76300	-2.1505	0.4683	0.15800
0.76300	2	-0.00001	-0.02994	-0.73305	-0.76300	-2.1505	0.4683	0.15800
0.76300	3	0.00003	-0.02988	-0.73315	-0.76300	-2.1505	0.4683	0.15820
0.76400	0	0.00003	-0.03076	-0.73327	-0.76400	-2.1505	0.4666	0.15820
0.76400	1	-0.00001	-0.03086	-0.73313	-0.76400	-2.1505	0.4666	0.15800
0.76400	2	-0.00001	-0.03086	-0.73313	-0.76400	-2.1505	0.4666	0.15800
0.76400	3	0.00004	-0.03079	-0.73325	-0.76400	-2.1505	0.4666	0.15820
0.76500	0	0.00003	-0.03167	-0.73336	-0.76500	-2.1505	0.4649	0.15820
0.76500	1	-0.00002	-0.03176	-0.73322	-0.76500	-2.1505	0.4649	0.15800
0.76500	2	-0.00001	-0.03177	-0.73322	-0.76500	-2.1505	0.4649	0.15800
0.76500	3	0.00005	-0.03171	-0.73334	-0.76500	-2.1505	0.4649	0.15820
0.76600	0	0.00001	-0.03259	-0.73342	-0.76600	-2.1505	0.4632	0.15820
0.76600	1	-0.00002	-0.03268	-0.73330	-0.76600	-2.1505	0.4632	0.15800
0.76600	2	-0.00002	-0.03267	-0.73331	-0.76600	-2.1505	0.4632	0.15800
0.76600	3	0.00004	-0.03261	-0.73343	-0.76600	-2.1505	0.4632	0.15820
0.76700	0	-0.00004	-0.03350	-0.73347	-0.76700	-2.1505	0.4615	0.15820
0.76700	1	-0.00002	-0.03360	-0.73338	-0.76700	-2.1505	0.4615	0.15800
0.76700	2	-0.00002	-0.03360	-0.73338	-0.76700	-2.1505	0.4615	0.15800
0.76700	3	0.00003	-0.03352	-0.73351	-0.76700	-2.1505	0.4615	0.15820
0.76800	0	-0.00005	-0.03443	-0.73352	-0.76800	-2.1505	0.4599	0.15820
0.76800	1	-0.00000	-0.03457	-0.73343	-0.76800	-2.1505	0.4599	0.15800
0.76800	2	-0.00000	-0.03456	-0.73344	-0.76800	-2.1505	0.4599	0.15800
0.76800	3	-0.00000	-0.03444	-0.73356	-0.76800	-2.1505	0.4599	0.15820
0.76900	0	-0.00006	-0.03536	-0.73358	-0.76900	-2.1505	0.4582	0.15820
0.76900	1	0.00002	-0.03554	-0.73348	-0.76900	-2.1505	0.4582	0.15800
0.76900	2	0.00002	-0.03554	-0.73348	-0.76900	-2.1505	0.4582	0.15800
0.76900	3	-0.00004	-0.03537	-0.73359	-0.76900	-2.1505	0.4582	0.15820
0.77000	0	-0.00006	-0.03630	-0.73364	-0.77000	-2.1505	0.4565	0.15820
0.77000	1	0.00003	-0.03652	-0.73352	-0.77000	-2.1505	0.4565	0.15800
0.77000	2	0.00003	-0.03651	-0.73352	-0.77000	-2.1505	0.4565	0.15800
0.77000	3	-0.00005	-0.03631	-0.73364	-0.77000	-2.1505	0.4565	0.15820
0.77100	0	-0.00006	-0.03724	-0.73370	-0.77100	-2.1505	0.4548	0.15820
0.77100	1	0.00004	-0.03748	-0.73356	-0.77100	-2.1505	0.4548	0.15800
0.77100	2	0.00004	-0.03748	-0.73356	-0.77100	-2.1505	0.4548	0.15800
0.77100	3	-0.00006	-0.03725	-0.73370	-0.77100	-2.1505	0.4548	0.15820
0.77200	0	-0.00007	-0.03817	-0.73376	-0.77200	-2.1505	0.4531	0.15820
0.77200	1	0.00003	-0.03842	-0.73362	-0.77200	-2.1505	0.4531	0.15800
0.77200	2	0.00005	-0.03844	-0.73361	-0.77200	-2.1505	0.4531	0.15800
0.77200	3	-0.00006	-0.03819	-0.73376	-0.77200	-2.1505	0.4531	0.15820
0.77300	0	-0.00005	-0.03915	-0.73380	-0.77300	-2.1505	0.4514	0.15820
0.77300	1	0.00003	-0.03936	-0.73367	-0.77300	-2.1505	0.4514	0.15800
0.77300	2	0.00003	-0.03936	-0.73367	-0.77300	-2.1505	0.4514	0.15800
0.77300	3	-0.00006	-0.03913	-0.73381	-0.77300	-2.1505	0.4514	0.15820
0.77400	0	-0.00003	-0.04015	-0.73382	-0.77400	-2.1504	0.4497	0.15820
0.77400	1	0.00002	-0.04029	-0.73373	-0.77400	-2.1504	0.4497	0.15800
0.77400	2	0.00002	-0.04029	-0.73373	-0.77400	-2.1504	0.4497	0.15800
0.77400	3	-0.00007	-0.04008	-0.73386	-0.77400	-2.1504	0.4497	0.15820
0.77500	0	-0.00000	-0.04116	-0.73383	-0.77500	-2.1504	0.4481	0.15820
0.77500	1	0.00000	-0.04122	-0.73378	-0.77500	-2.1504	0.4481	0.15800
0.77500	2	0.00001	-0.04123	-0.73378	-0.77500	-2.1504	0.4481	0.15800
0.77500	3	-0.00005	-0.04107	-0.73388	-0.77500	-2.1504	0.4481	0.15820
0.77600	0	0.00001	-0.04216	-0.73385	-0.77600	-2.1504	0.4464	0.15820
0.77600	1	-0.00001	-0.04216	-0.73383	-0.77600	-2.1504	0.4464	0.15800
0.77600	2	-0.00001	-0.04216	-0.73383	-0.77600	-2.1504	0.4464	0.15800
0.77600	3	-0.00003	-0.04207	-0.73390	-0.77600	-2.1504	0.4464	0.15820
0.77700	0	0.00001	-0.04314	-0.73387	-0.77700	-2.1504	0.4447	0.15820
0.77700	1	-0.00002	-0.04310	-0.73387	-0.77700	-2.1504	0.4447	0.15820
0.77700	2	-0.00002	-0.04311	-0.73387	-0.77700	-2.1504	0.4447	0.15820
0.77700	3	-0.00001	-0.04309	-0.73390	-0.77700	-2.1504	0.4447	0.15820
0.77800	0	0.00001	-0.04411	-0.73390	-0.77800	-2.1503	0.4430	0.15820
0.77800	1	-0.00001	-0.04409	-0.73390	-0.77800	-2.1503	0.4430	0.15820
0.77800	2	-0.00001	-0.04409	-0.73390	-0.77800	-2.1503	0.4430	0.15820
0.77800	3	-0.00000	-0.04409	-0.73391	-0.77800	-2.1503	0.4430	0.15820
0.77900	0	0.00000	-0.04507	-0.73393	-0.77900	-2.1503	0.4413	0.15820
0.77900	1	0.00001	-0.04508	-0.73393	-0.77900	-2.1503	0.4413	0.15820
0.77900	2	0.00000	-0.04507	-0.73393	-0.77900	-2.1503	0.4413	0.15820
0.77900	3	0.00000	-0.04507	-0.73393	-0.77900	-2.1503	0.4413	0.15820
0.78000	0	-0.00001	-0.04602	-0.73396	-0.78000	-2.1503	0.4396	0.15820
0.78000	1	0.00003	-0.04607	-0.73395	-0.78000	-2.1503	0.4396	0.15820
0.78000	2	0.00002	-0.04607	-0.73395	-0.78000	-2.1503	0.4396	0.15820
0.78000	3	-0.00000	-0.04605	-0.73395	-0.78000	-2.1503	0.4396	0.15820
0.78100	0	-0.00003	-0.04698	-0.73399	-0.78100	-2.1502	0.4379	0.15820
0.78100	1	0.00004	-0.04707	-0.73397	-0.78100	-2.1502	0.4379	0.15820
0.78100	2	0.00004	-0.04707	-0.73397	-0.78100	-2.1502	0.4379	0.15820
0.78100	3	-0.00002	-0.04701	-0.73397	-0.78100	-2.1502	0.4379	0.15820
0.78200	0	-0.00003	-0.04797	-0.73400	-0.78200	-2.1502	0.4362	0.15820
0.78200	1	0.00004	-0.04806	-0.73399	-0.78200	-2.1502	0.4362	0.15820
0.78200	2	0.00004	-0.04806	-0.73399	-0.78200	-2.1502	0.4362	0.15820
0.78200	3	-0.00003	-0.04797	-0.73400	-0.78200	-2.1502	0.4362	0.15820
0.78300	0	-0.00004	-0.04895	-0.73402	-0.78300	-2.1502	0.4346	0.15840
0.78300	1	0.00005	-0.04907	-0.73398	-0.78300	-2.1502	0.4346	0.15820
0.78300	2	0.00006	-0.04908	-0.73398	-0.78300	-2.1502	0.4346	0.15820
0.78300	3	-0.00004	-0.04896	-0.73400	-0.78300	-2.1502	0.4346	0.15820
0.78400	0	-0.00001	-0.04998	-0.73401	-0.78400	-2.1501	0.4329	0.15840
0.78400	1	0.00005	-0.05007	-0.73398	-0.78400	-2.1501	0.4329	0.15820
0.78400	2	0.00005	-0.05006	-0.73399	-0.78400	-2.1501	0.4329	0.15820
0.78400	3	-0.00005	-0.04994	-0.73401	-0.78400	-2.1501	0.4329	0.15820
0.78500	0	0.00001	-0.05100	-0.73401	-0.78500	-2.1501	0.4312	0.15840
0.78500	1	0.00004	-0.05107	-0.73397	-0.78500	-2.1501	0.4312	0.15820
0.78500	2	0.00005	-0.05107	-0.73397	-0.78500	-2.1501	0.4312	0.15820
0.78500	3	-0.00005	-0.05094	-0.73401	-0.78500	-2.1501	0.4312	0.15840
0.78600	0	0.00003	-0.05203	-0.73400	-0.78600	-2.1500	0.4295	0.15840
0.78600	1	0.00003	-0.05207	-0.73396	-0.78600	-2.1500	0.4295	0.15820
0.78600	2	0.00003	-0.05207	-0.73396	-0.78600	-2.1500	0.4295	0.15820
0.78600	3	-0.00003	-0.05196	-0.73401	-0.78600	-2.1500	0.4295	0.15840
0.78700	0	0.00004	-0.05306	-0.73398	-0.78700	-2.1499	0.4278	0.15840
0.78700	1	-0.00000	-0.05311	-0.73389	-0.78700	-2.1499	0.4278	0.15820
0.78700	2	0.00001	-0.05313	-0.73388	-0.78700	-2.1499	0.4278	0.15820
0.78700	3	-0.00001	-0.05299	-0.73399	-0.78700	-2.1499	0.4278	0.15840
0.78800	0	0.00005	-0.05410	-0.73396	-0.78800	-2.1499	0.4261	0.15840
0.78800	1	-0.00004	-0.05412	-0.73385	-0.78800	-2.1499	0.4261	0.15820
0.78800	2	-0.00004	-0.05412	-0.73385	-0.78800	-2.1499	0.4261	0.15820
0.78800	3	0.00001	-0.05404	-0.73397	-0.78800	-2.1499	0.4261	0.15840
0.78900	0	0.00006	-0.05514	-0.73392	-0.78900	-2.1498	0.4244	0.15840
0.78900	1	-0.00005	-0.05515	-0.73380	-0.78900	-2.1498	0.4244	0.15820
0.78900	2	-0.00005	-0.05515	-0.73380	-0.78900	-2.1498	0.4244	0.15820
0.78900	3	0.00003	-0.05509	-0.73394	-0.78900	-2.1498	0.4244	0.15840
0.79000	0	0.00006	-0.05617	-0.73389	-0.79000	-2.1498	0.4227	0.15840
0.79000	1	-0.00005	-0.05619	-0.73376	-0.79000	-2.1498	0.4227	0.15820
0.79000	2	-0.00005	-0.05619	-0.73376	-0.79000	-2.1498	0.4227	0.15820
0.79000	3	0.00003	-0.05613	-0.73390	-0.79000	-2.1498	0.4227	0.15840
0.79100	0	0.00005	-0.05720	-0.73385	-0.79100	-2.1497	0.4210	0.15840
0.79100	1	-0.00006	-0.05722	-0.73372	-0.79100	-2.1497	0.4210	0.15820
0.79100	2	-0.00005	-0.05723	-0.73372	-0.79100	-2.1497	0.4210	0.15820
0.79100	3	0.00003	-0.05717	-0.73386	-0.79100	-2.1497	0.4210	0.15840
0.79200	0	0.00002	-0.05825	-0.73377	-0.79200	-2.1496	0.4193	0.15840
0.79200	1	-0.00006	-0.05827	-0.73367	-0.79200	-2.1496	0.4193	0.15820
0.79200	2	-0.00006	-0.05827	-0.73367	-0.79200	-2.1496	0.4193	0.15820
0.79200	3	0.00004	-0.05822	-0.73381	-0.79200	-2.1496	0.4193	0.15840
0.79300	0	-0.00001	-0.05930	-0.73369	-0.79300	-2.1495	0.4176	0.15840
0.79300	1	-0.00006	-0.05932	-0.73362	-0.79300	-2.1495	0.4176	0.15820
0.79300	2	-0.00006	-0.05932	-0.73361	-0.79300	-2.1495	0.4176	0.15820
0.79300	3	0.00003	-0.05926	-0.73376	-0.79300	-2.1495	0.4176	0.15840
0.79400	0	-0.00002	-0.06038	-0.73360	-0.79400	-2.1495	0.4159	0.15840
0.79400	1	-0.00004	-0.06043	-0.73353	-0.79400	-2.1495	0.4159	0.15820
0.79400	2	-0.00004	-0.06043	-0.73353	-0.79400	-2.1495	0.4159	0.15820
0.79400	3	-0.00000	-0.06032	-0.73368	-0.79400	-2.1495	0.4159	0.15840
0.79500	0	-0.00003	-0.06145	-0.73352	-0.79500	-2.1494	0.4142	0.15840
0.79500	1	-0.00002	-0.06155	-0.73343	-0.79500	-2.1494	0.4142	0.15820
0.79500	2	-0.00002	-0.06154	-0.73344	-0.79500	-2.1494	0.4142	0.15820
0.79500	3	-0.00004	-0.06138	-0.73358	-0.79500	-2.1494	0.4142	0.15840
0.79600	0	-0.00003	-0.06252	-0.73345	-0.79600	-2.1493	0.4125	0.15840
0.79600	1	-0.00001	-0.06266	-0.73333	-0.79600	-2.1493	0.4125	0.15820
0.79600	2	-0.00001	-0.06265	-0.73334	-0.79600	-2.1493	0.4125	0.15820
0.79600	3	-0.00005	-0.06247	-0.73348	-0.79600	-2.1493	0.4125	0.15840
0.79700	0	-0.00003	-0.06360	-0.73337	-0.79700	-2.1492	0.4108	0.15840
0.79700	1	-0.00000	-0.06376	-0.73323	-0.79700	-2.1492	0.4108	0.15820
0.79700	2	-0.00000	-0.06376	-0.73323	-0.79700	-2.1492	0.4108	0.15820
0.79700	3	-0.00005	-0.06355	-0.73339	-0.79700	-2.1492	0.4108	0.15840
0.79800	0	-0.00003	-0.06469	-0.73328	-0.79800	-2.1491	0.4091	0.15840
0.79800	1	-0.00000	-0.06486	-0.73313	-0.79800	-2.1491	0.4091	0.15820
0.79800	2	-0.00000	-0.06486	-0.73314	-0.79800	-2.1491	0.4091	0.15820
0.79800	3	-0.00005	-0.06465	-0.73330	-0.79800	-2.1491	0.4091	0.15840
0.79900	0	-0.00002	-0.06580	-0.73318	-0.79900	-2.1490	0.4074	0.15840
0.79900	1	-0.00001	-0.06595	-0.73304	-0.79900	-2.1490	0.4074	0.15820
0.79900	2	-0.00001	-0.06594	-0.73304	-0.79900	-2.1490	0.4074	0.15820
0.79900	3	-0.00005	-0.06573	-0.73321	-0.79900	-2.1490	0.4074	0.15840
0.80000	0	0.00001	-0.06695	-0.73306	-0.80000	-2.1489	0.4057	0.15840
0.80000	1	-0.00002	-0.06702	-0.73295	-0.80000	-2.1489	0.4057	0.15820
0.80000	2	-0.00002	-0.06702	-0.73295	-0.80000	-2.1489	0.4057	0.15820
0.80000	3	-0.00005	-0.06683	-0.73311	-0.80000	-2.1489	0.4057	0.15840
